CREATE TABLE Colaboradores (
    ID VARCHAR(255) PRIMARY KEY,
    Nome VARCHAR(255),
    DataNascimento DATE,
    CPF VARCHAR(14),
    Endereco VARCHAR(255),
    Telefone VARCHAR(15),
    Email VARCHAR(255)
);
CREATE TABLE Dependentes (
    ID VARCHAR(255) PRIMARY KEY,
    ID_Colaborador VARCHAR(255),
    Nome VARCHAR(255),
    Parentesco VARCHAR(50),
    DataNascimento DATE,
    CPF VARCHAR(14),
    Genero VARCHAR(15),
    FOREIGN KEY (ID_Colaborador) REFERENCES Colaboradores(ID)
);
CREATE TABLE Licencas (
    ID VARCHAR(255) PRIMARY KEY,
    ID_Colaborador VARCHAR(255),
    TipoLicenca VARCHAR(255),
    DataInicio DATE,
    DataFim DATE,
    FOREIGN KEY (ID_Colaborador) REFERENCES Colaboradores(ID)
);
CREATE TABLE Treinamento (
    ID VARCHAR(255) PRIMARY KEY,
    ID_Colaborador VARCHAR(255),
    Curso VARCHAR(255),
    DataConclusao DATE,
    Instituicao VARCHAR(255),
    FOREIGN KEY (ID_Colaborador) REFERENCES Colaboradores(ID)
);
CREATE TABLE HistoricoEmprego (
    ID VARCHAR(255) PRIMARY KEY,
    ID_Colaborador VARCHAR(255),
    Cargo VARCHAR(255),
    DataContratacao DATE,
    DataTermino DATE,
    Salario DECIMAL(10, 2),
    Supervisor VARCHAR(255),
    FOREIGN KEY (ID_Colaborador) REFERENCES Colaboradores(ID)
);

CREATE TABLE faturamento (
    id TEXT PRIMARY KEY,
    mes VARCHAR(20),
    faturamento_bruto DECIMAL (10,2),
    despesas DECIMAL (10,2),
    lucro_liquido DECIMAL (10,2),
    numero_clientes INT,
    numero_novos_clientes INT
);

INSERT INTO Colaboradores VALUES('1','Dr. Cauê da Conceição','1992-08-05','24657139061','Recanto Isadora Nunes, Lagoa, 69660278 Jesus / MS','(081) 8338 3341','manuelada-luz@uol.com.br');
INSERT INTO Colaboradores VALUES('2','Alana Gomes','1963-05-15','04327185914','Estrada Benjamin Duarte, Alto Barroca, 88769-290 da Cruz de Teixeira / RJ','(051) 1565 8107','lais58@azevedo.br');
INSERT INTO Colaboradores VALUES('3','Agatha Dias','1996-10-13','98753146255','Feira da Cruz, 98, Vila Maria, 38435-029 Moura de Pereira / AL','+55 84 7490 3659','elima@das.org');
INSERT INTO Colaboradores VALUES('4','Kevin Lima','1982-03-08','81256734071','Avenida de Campos, 87, Providencia, 67007931 Rocha / PR','71 1126 4143','obarbosa@bol.com.br');
INSERT INTO Colaboradores VALUES('5','Luiza da Paz','1987-02-14','97812045676','Lago Stella Souza, 5, Santa Helena, 56937115 Jesus / AP','31 1464-2424','maria-alice63@hotmail.com');
INSERT INTO Colaboradores VALUES('6','Luana Lima','1968-03-14','26547390152','Rua Juan Ferreira, 81, Diamante, 36470-688 Rezende / GO','(081) 4768-2041','tcardoso@gmail.com');
INSERT INTO Colaboradores VALUES('7','Heloísa Ferreira','1963-07-31','89543601739','Vereda Carolina Ramos, 41, Álvaro Camargos, 42535-583 Rocha de Goiás / PE','(084) 8448 3907','pedro-miguel42@teixeira.com');
INSERT INTO Colaboradores VALUES('8','Milena Castro','1959-06-05','24591870685','Quadra de Pires, 29, Vila Canto Do Sabiá, 24392-478 Fernandes / AM','+55 (071) 1713-6124','maria-claragoncalves@ig.com.br');
INSERT INTO Colaboradores VALUES('9','Ana Vitória Azevedo','1991-05-14','23708946529','Esplanada Barbosa, Beija Flor, 46496312 da Cruz / GO','+55 (071) 4136 6434','joao-gabriel89@correia.com');
INSERT INTO Colaboradores VALUES('10','Ian Nogueira','1969-07-25','26194573007','Trecho Pereira, 89, Ermelinda, 78617-055 Cardoso / ES','31 8126 0857','isaac11@santos.br');
INSERT INTO Colaboradores VALUES('11','Ana Laura Barros','2005-09-17','08254693765','Pátio de Oliveira, 981, Vila Jardim Leblon, 05053-299 das Neves / TO','(031) 7808-0191','da-rochaelisa@silva.com');
INSERT INTO Colaboradores VALUES('12','Guilherme Mendes','1994-08-07','34895062783','Viela da Cunha, Eymard, 95387-501 Moreira / SP','(061) 6710-8268','kribeiro@martins.org');
INSERT INTO Colaboradores VALUES('13','Ana Clara Barbosa','1971-10-11','19843256042','Jardim Miguel Jesus, Itapoa, 20212374 Silva Paulista / CE','51 6320 3176','mendesdanilo@oliveira.br');
INSERT INTO Colaboradores VALUES('14','Sra. Maria Fernanda Caldeira','1993-06-01','79863540200','Ladeira Ana Luiza da Mota, 73, Universitário, 46611-594 Duarte do Oeste / SE','+55 11 5266 0194','marcela15@bol.com.br');
INSERT INTO Colaboradores VALUES('15','Guilherme Barros','2003-04-19','57962814020','Viela Otávio Ramos, 4, Copacabana, 25965-554 Duarte da Prata / RN','+55 (081) 4323-5692','lopesclarice@uol.com.br');
INSERT INTO Colaboradores VALUES('16','Davi Martins','1975-04-22','89217350460','Colônia Rodrigues, 89, Ápia, 41199568 Oliveira / DF','84 4854 9285','diogo36@bol.com.br');
INSERT INTO Colaboradores VALUES('17','Ana Julia Correia','1968-11-16','86091543270','Colônia Anthony Moraes, 21, Vila Independencia 3ª Seção, 11065147 Moura / AC','(071) 5257-9171','vitoriada-rosa@da.br');
INSERT INTO Colaboradores VALUES('18','Thiago da Mata','1960-09-25','08765214994','Passarela Ferreira, 34, Vitoria, 56292588 Cunha / PE','0300 798 7850','eduardoda-mota@yahoo.com.br');
INSERT INTO Colaboradores VALUES('19','Danilo Porto','2001-05-31','26913450842','Viaduto Luiz Felipe das Neves, 170, Monsenhor Messias, 89481-057 Moreira / ES','+55 71 5054 4649','walves@da.br');
INSERT INTO Colaboradores VALUES('20','Dr. Juan Santos','1963-11-06','75846219020','Quadra Joaquim Caldeira, 754, Vila Paris, 76970625 Pires / AM','(061) 7688 7858','bsouza@araujo.br');
INSERT INTO Colaboradores VALUES('21','Bruno Pinto','1961-09-12','70648213544','Praça de Nunes, 5, Vila Califórnia, 21203-464 Araújo / AL','+55 84 1371 9305','ynovaes@ramos.com');
INSERT INTO Colaboradores VALUES('22','João Miguel Viana','2003-03-20','79624135819','Trecho André Gomes, 1, Vila São Dimas, 64631402 Nunes de Goiás / PR','51 7983 6387','ferreirasarah@ramos.com');
INSERT INTO Colaboradores VALUES('23','Dr. Pedro Viana','1994-05-20','69283417500','Trevo de da Mota, 57, Novo Santa Cecilia, 68561141 Oliveira / ES','+55 41 9127-4212','maraujo@moura.org');
INSERT INTO Colaboradores VALUES('24','Felipe Cardoso','1966-06-26','30892746122','Condomínio Lima, Alto Caiçaras, 27652848 Farias do Sul / MS','61 7289-2581','castrovicente@cardoso.br');
INSERT INTO Colaboradores VALUES('25','Kamilly Lima','1978-05-20','03481695233','Sítio de Cunha, 76, Mala E Cuia, 39128-840 Viana / RR','+55 (051) 0442 1996','vitor-hugo64@ig.com.br');
INSERT INTO Colaboradores VALUES('26','Pedro Miguel Correia','1988-07-20','89750413288','Vale Alice Monteiro, 6, Cônego Pinheiro 2ª Seção, 22432120 Moura de Nogueira / BA','+55 (051) 6073 0630','csouza@almeida.com');
INSERT INTO Colaboradores VALUES('27','Lucas Costa','2003-09-07','45291768355','Praça Viana, 27, Madre Gertrudes, 44825-985 Silveira do Amparo / PR','+55 (071) 9129 9118','vrocha@uol.com.br');
INSERT INTO Colaboradores VALUES('28','Dr. Caio Teixeira','1981-01-31','69120375859','Pátio Nina Alves, 877, Nova Floresta, 07267792 Jesus / SP','51 0864 3883','oribeiro@gmail.com');
INSERT INTO Colaboradores VALUES('29','Vitor Gabriel Almeida','2005-02-18','85370429197','Condomínio Nunes, 61, Olaria, 26944-773 Nunes / MA','+55 (051) 6692 3014','xda-luz@campos.org');
INSERT INTO Colaboradores VALUES('30','Maria Julia das Neves','1982-10-07','41829036769','Largo Silveira, 68, Barão Homem De Melo 2ª Seção, 06947-602 Vieira do Amparo / GO','+55 11 1932-3001','vieiraemanuelly@gmail.com');
INSERT INTO Colaboradores VALUES('31','Alícia Ribeiro','1963-12-11','35482716007','Travessa de da Mata, 74, Acaba Mundo, 81997933 Castro Verde / MS','31 8724 6333','diaslucas-gabriel@hotmail.com');
INSERT INTO Colaboradores VALUES('32','Noah Gonçalves','1974-10-27','58193642791','Estação Pires, 374, Zilah Sposito, 37715002 Castro / SC','41 5854 1345','leonardo25@hotmail.com');
INSERT INTO Colaboradores VALUES('33','Sr. Leandro das Neves','1970-03-30','81532467044','Largo de Farias, 15, Cônego Pinheiro 1ª Seção, 27017-750 Cardoso / MG','(061) 9472 2495','bryangomes@ig.com.br');
INSERT INTO Colaboradores VALUES('34','Pedro Lucas da Rocha','1966-03-18','14576208985','Lago Isabelly Castro, 27, Santa Maria, 82856553 Ramos / RS','41 0018 3739','julia87@gmail.com');
INSERT INTO Colaboradores VALUES('35','Dra. Ana Carolina Vieira','2000-04-11','78215634982','Praia Emanuella Gonçalves, 77, Vila São Paulo, 78273342 Pinto / PE','(061) 9309 5875','ggoncalves@gmail.com');
INSERT INTO Colaboradores VALUES('36','Heitor Costa','1970-05-04','38679102431','Trevo Pedro Lucas Cavalcanti, 77, Ernesto Nascimento, 92056823 Martins do Galho / PR','+55 31 4073-3888','livia79@da.br');
INSERT INTO Colaboradores VALUES('37','Dr. Rodrigo Alves','2000-08-25','65918473084','Sítio de Viana, 59, Juliana, 70921564 Nogueira / MA','+55 (011) 8165 7618','das-nevesjoao-felipe@hotmail.com');
INSERT INTO Colaboradores VALUES('38','Sophia Oliveira','2002-03-19','47560319866','Praça de Oliveira, 54, Novo Santa Cecilia, 28916-637 Cardoso / MG','0800-389-3894','aliciateixeira@gmail.com');
INSERT INTO Colaboradores VALUES('39','Cauê Viana','1991-11-16','37841562900','Aeroporto Benjamin Barbosa, 75, Novo Glória, 61167933 da Mota de Goiás / AC','(071) 8986 7906','maria-alicegoncalves@da.br');
INSERT INTO Colaboradores VALUES('40','Augusto Pires','1958-09-02','89205374105','Condomínio Rodrigues, 8, Boa União 1ª Seção, 42273-581 Alves / ES','(041) 1536-5991','wsilva@ig.com.br');
INSERT INTO Colaboradores VALUES('41','Dra. Maitê Moraes','1997-09-21','01632479516','Loteamento Luiz Gustavo Lima, 982, Vila São Gabriel Jacui, 16546716 Farias da Praia / MG','0800 712 5441','raqueldas-neves@aragao.com');
INSERT INTO Colaboradores VALUES('42','Murilo Dias','1982-04-18','45968103205','Pátio Carlos Eduardo Cavalcanti, 38, Vila Da Paz, 31608906 Ribeiro de Rezende / RS','(084) 7605 4053','felipe46@uol.com.br');
INSERT INTO Colaboradores VALUES('43','Diego Nascimento','2000-02-14','57241806344','Pátio Pietra Silveira, 350, Planalto, 47216-649 Teixeira / DF','+55 (081) 0329 6417','uoliveira@bol.com.br');
INSERT INTO Colaboradores VALUES('44','Kamilly Cunha','2000-02-18','24067915802','Favela de Peixoto, 97, Vila Puc, 79956853 Souza do Campo / PE','+55 84 3015-7432','cavalcantimaria-julia@goncalves.br');
INSERT INTO Colaboradores VALUES('45','Dr. Benjamin Fogaça','1993-04-13','21089576340','Passarela Moraes, 8, Conjunto Capitão Eduardo, 91115778 Barros de Pereira / MG','0900-850-7444','emanuel48@hotmail.com');
INSERT INTO Colaboradores VALUES('46','Laura da Costa','1991-11-03','57486932164','Esplanada da Mota, 57, Tiradentes, 93157671 Lima Alegre / RS','+55 21 2803-8688','da-matabryan@hotmail.com');
INSERT INTO Colaboradores VALUES('47','Stella Sales','1992-12-31','54903281698','Estação Lucca Santos, 782, Marçola, 58372-854 Cardoso / DF','71 9105-1270','hferreira@gmail.com');
INSERT INTO Colaboradores VALUES('48','Davi Lucas Alves','1970-11-09','84305291797','Via de Sales, Milionario, 24376754 Lima / MA','(051) 3866-3811','ribeiromaria-sophia@da.net');
INSERT INTO Colaboradores VALUES('49','Maria Clara Correia','2000-07-27','83274106526','Quadra Marcos Vinicius Aragão, 21, Aguas Claras, 79741140 Caldeira da Praia / AP','0800-576-6641','carvalhomatheus@oliveira.net');
INSERT INTO Colaboradores VALUES('50','Gustavo Teixeira','2001-12-01','26148507994','Avenida de Costa, 84, Jardim Montanhês, 36565293 Moraes Alegre / RS','(071) 8479 8909','gda-conceicao@yahoo.com.br');
INSERT INTO Colaboradores VALUES('51','Sra. Kamilly Cardoso','1991-02-23','84053961793','Praça Ian Carvalho, 36, Gameleira, 16350161 Almeida / PA','+55 31 8397 5854','danielaoliveira@uol.com.br');
INSERT INTO Colaboradores VALUES('52','Srta. Daniela Martins','1990-04-07','80542619342','Chácara Thiago Jesus, 21, Taquaril, 92872435 Monteiro Verde / RN','+55 51 0571 7953','vicente40@almeida.com');
INSERT INTO Colaboradores VALUES('53','Yuri Caldeira','2005-04-22','69453728128','Fazenda Larissa Silva, 281, Aparecida, 92293-032 Gonçalves / AC','+55 (081) 4103-2572','eduardo14@ig.com.br');
INSERT INTO Colaboradores VALUES('54','Maria Cecília Ferreira','1968-11-23','06852934160','Parque Costela, 9, Conjunto Bonsucesso, 51358-231 Vieira de Moraes / RN','0500-730-0392','tribeiro@moreira.com');
INSERT INTO Colaboradores VALUES('55','Sr. Matheus da Mota','1973-03-15','05876214353','Aeroporto Rodrigues, 819, Teixeira Dias, 24537-854 Silva / RS','+55 (081) 4066-0681','joana35@gmail.com');
INSERT INTO Colaboradores VALUES('56','Srta. Amanda da Mata','1974-04-01','20197634869','Núcleo Correia, Conjunto Califórnia Ii, 68965634 da Paz do Norte / ES','(061) 1908-3652','rramos@azevedo.com');
INSERT INTO Colaboradores VALUES('57','Enzo Aragão','1993-12-01','51248730941','Aeroporto Enrico Azevedo, 18, Santa Rita De Cássia, 09988473 Aragão da Praia / RJ','+55 41 9877-2550','silveiraluiz-fernando@da.br');
INSERT INTO Colaboradores VALUES('58','Noah Lopes','1962-05-02','48137092650','Colônia de Melo, 82, Parque São José, 68365443 da Costa de Minas / PE','+55 (061) 8173-0754','joanateixeira@yahoo.com.br');
INSERT INTO Colaboradores VALUES('59','Benjamin das Neves','1980-12-06','31247659828','Parque de Caldeira, 47, Granja De Freitas, 20328335 Caldeira Paulista / PE','+55 81 2848 3399','emanuellysilva@fogaca.br');
INSERT INTO Colaboradores VALUES('60','Isabel Fernandes','1958-05-04','68495130289','Rua da Cruz, 62, Vista Alegre, 48169467 Moreira do Sul / RN','31 2039-1561','luna02@nogueira.br');
INSERT INTO Colaboradores VALUES('61','Antônio Teixeira','1960-09-09','10624395898','Sítio Jesus, 57, Monte São José, 74051-683 Campos / MS','(031) 2454 2261','thiago11@melo.org');
INSERT INTO Colaboradores VALUES('62','Sophie Ribeiro','1998-01-15','52081649306','Jardim Larissa Azevedo, 896, Vila Rica, 96082-323 Fogaça / PR','+55 81 8727 7140','joao-gabriel60@pereira.com');
INSERT INTO Colaboradores VALUES('63','Maria Viana','1995-10-23','36417209822','Trevo de da Mota, Varzea Da Palma, 39753-910 Porto Grande / TO','0500-310-1665','esthercavalcanti@souza.br');
INSERT INTO Colaboradores VALUES('64','Marcos Vinicius Ramos','1975-04-25','93057624847','Favela Breno Martins, 666, Sion, 05105888 Martins / SP','(071) 3903 7565','mlima@da.br');
INSERT INTO Colaboradores VALUES('65','Sr. João Guilherme Cardoso','1986-11-07','61895403766','Vila Ana Carolina Oliveira, 56, Vila Vista Alegre, 57921358 da Cruz das Pedras / MS','84 3873-4080','ian60@yahoo.com.br');
INSERT INTO Colaboradores VALUES('66','Maria Clara Duarte','1973-07-02','79038412541','Feira de Cavalcanti, 19, Minas Caixa, 22411-381 Correia de Lima / AL','(021) 8705-6302','luiz-gustavo31@hotmail.com');
INSERT INTO Colaboradores VALUES('67','Nathan Silveira','1992-08-20','05943167234','Praia Lorenzo Moura, 29, Ipe, 04599796 Dias de Pereira / RO','+55 31 1451-7419','almeidaenzo@fernandes.br');
INSERT INTO Colaboradores VALUES('68','Juan da Luz','1995-11-10','12053684933','Lagoa de Correia, 33, Estoril, 82269-853 Rodrigues / ES','31 9517-5246','ninacarvalho@ig.com.br');
INSERT INTO Colaboradores VALUES('69','Luiz Henrique da Paz','1969-04-15','32481690524','Campo da Conceição, 21, Santa Cecilia, 09916-324 da Luz / AL','0800-129-1188','rafaelda-rocha@gomes.com');
INSERT INTO Colaboradores VALUES('70','Dr. Vinicius da Luz','1993-03-06','20451738950','Viela Gonçalves, Jaraguá, 95638415 Moreira / PR','(051) 3825 6782','martinsjoaquim@da.org');
INSERT INTO Colaboradores VALUES('71','Catarina Gomes','2004-02-02','48396721050','Rua de Ribeiro, 74, Virgínia, 63637714 da Luz do Norte / PR','(021) 8371-4308','upereira@gmail.com');
INSERT INTO Colaboradores VALUES('72','Theo Porto','1966-03-12','51796832030','Avenida de Nogueira, 65, Oeste, 44708495 Rocha / AM','+55 11 5068-7717','davi-luiz75@gmail.com');
INSERT INTO Colaboradores VALUES('73','Vitor Gabriel Peixoto','1960-02-08','30258491698','Viela de Rocha, 181, Belvedere, 42183117 Rocha / PR','84 3608-5119','lorenasales@da.com');
INSERT INTO Colaboradores VALUES('74','Breno Farias','1959-05-23','73208146507','Estação de Vieira, Juliana, 26714-127 Peixoto / DF','+55 81 8564-1140','castroluna@bol.com.br');
INSERT INTO Colaboradores VALUES('75','Breno Gonçalves','1983-05-17','85139624060','Condomínio de Barbosa, 62, Jardim América, 45687916 Nascimento de Goiás / MA','0300-349-5346','uda-luz@pereira.org');
INSERT INTO Colaboradores VALUES('76','Maria Clara Gonçalves','1966-02-04','56210839703','Recanto Yasmin Vieira, Carmo, 33585846 Fernandes do Oeste / AM','+55 51 9649 4167','yoliveira@uol.com.br');
INSERT INTO Colaboradores VALUES('77','João Lucas Rezende','1999-10-14','07159682386','Trevo de Moreira, 4, Castanheira, 98925106 Peixoto de da Paz / PA','+55 41 0374-8423','luiz-fernandocardoso@pinto.net');
INSERT INTO Colaboradores VALUES('78','Sra. Maria Fernanda Oliveira','1989-03-28','05896134720','Travessa de da Cruz, Vila Nova Dos Milionarios, 20122605 Dias / ES','21 1195 5693','kcostela@yahoo.com.br');
INSERT INTO Colaboradores VALUES('79','Camila Ferreira','1975-11-28','03796182496','Fazenda Araújo, 12, Vila Oeste, 16375846 Barros das Pedras / RS','41 1123-1574','fpeixoto@ig.com.br');
INSERT INTO Colaboradores VALUES('80','Sr. Luigi Costa','1985-07-22','27941830604','Loteamento de Mendes, 40, Vila Independencia 2ª Seção, 46612-652 Lopes / SC','(031) 6178-1026','sjesus@bol.com.br');
INSERT INTO Colaboradores VALUES('81','Dra. Nina Araújo','1985-12-19','83921754097','Largo Monteiro, 83, Mariquinhas, 72534-704 Lima / RS','0500-231-7421','esther31@hotmail.com');
INSERT INTO Colaboradores VALUES('82','Maria Eduarda da Rosa','1976-09-13','67594382137','Condomínio Almeida, 941, Tres Marias, 75966699 Dias de Cardoso / AM','21 9655-6312','valves@cardoso.br');
INSERT INTO Colaboradores VALUES('83','Agatha Nascimento','1969-04-29','94750368148','Colônia Rocha, 466, Trevo, 89071307 Sales de Rezende / BA','(071) 3210 7172','pereirakaique@barbosa.net');
INSERT INTO Colaboradores VALUES('84','Francisco Cavalcanti','1992-09-12','04632189570','Pátio Carlos Eduardo Ferreira, 5, Vila Madre Gertrudes 2ª Seção, 68646977 Pereira de da Conceição / AL','21 6019 1592','otavio59@pereira.br');
INSERT INTO Colaboradores VALUES('85','Pedro Lucas Martins','1974-05-09','72084596300','Vale de Caldeira, 357, Barão Homem De Melo 1ª Seção, 61980-108 Lima das Pedras / GO','84 4050-5896','duartegustavo@uol.com.br');
INSERT INTO Colaboradores VALUES('86','Luiz Henrique Ferreira','1989-11-18','80271963450','Sítio de Gomes, 26, Sagrada Família, 67585999 Pires da Serra / PR','+55 31 7682-0322','luizanovaes@da.com');
INSERT INTO Colaboradores VALUES('87','Dr. João Silveira','1976-07-04','13950426752','Rodovia de da Conceição, 5, Vila São Paulo, 15082909 da Conceição do Oeste / RN','41 6032 9071','santossabrina@yahoo.com.br');
INSERT INTO Colaboradores VALUES('88','Isadora Alves','1977-04-15','79058341666','Pátio de Nascimento, 82, Nossa Senhora De Fátima, 16369804 Novaes / RN','(061) 9791-8538','dda-rocha@yahoo.com.br');
INSERT INTO Colaboradores VALUES('89','Igor Pinto','1984-07-11','85213467946','Viela de Nogueira, 78, Colégio Batista, 45247671 da Rocha / SE','+55 21 3717-2708','nalmeida@nascimento.net');
INSERT INTO Colaboradores VALUES('90','Maria Luiza Araújo','1964-10-05','52961738482','Trevo das Neves, 38, Belvedere, 84076-747 Araújo de Porto / SP','+55 81 3358 1564','da-costadaniel@gomes.com');
INSERT INTO Colaboradores VALUES('91','Nicole Moura','1959-05-17','15230867930','Praça Freitas, Vila São Paulo, 52619-099 Barbosa Verde / PA','(081) 3063-1538','thiago40@bol.com.br');
INSERT INTO Colaboradores VALUES('92','Julia Viana','1969-11-24','98247530600','Vereda da Rosa, Jardim Alvorada, 74669-533 Nunes da Serra / RN','+55 11 1307 2908','lucas-gabrielrezende@gmail.com');
INSERT INTO Colaboradores VALUES('93','Bruna Barbosa','1964-03-20','60412958333','Recanto Santos, 98, Vila São João Batista, 65660196 da Costa / MT','(084) 6821 7757','da-conceicaoryan@moraes.br');
INSERT INTO Colaboradores VALUES('94','Gabriel Rocha','2001-04-07','80395216702','Vila de Pires, 46, Canadá, 94483-499 Ferreira / MS','(031) 1027 0697','fariaslevi@yahoo.com.br');
INSERT INTO Colaboradores VALUES('95','Júlia Lopes','1963-09-13','85639274000','Morro Emanuel da Rosa, 987, Xodo-Marize, 72969852 Vieira / RS','+55 84 2732-7716','enzoda-rocha@yahoo.com.br');
INSERT INTO Colaboradores VALUES('96','Rodrigo Viana','1991-05-31','64702539892','Sítio Arthur Fogaça, 2, Jardim Vitoria, 87974-121 da Paz / PA','+55 (081) 7893 5828','urodrigues@ferreira.br');
INSERT INTO Colaboradores VALUES('97','Davi Lucca Silva','2000-01-24','06754128380','Setor Araújo, 8, Vila Madre Gertrudes 3ª Seção, 41267-312 Moreira do Campo / TO','+55 41 1974 2071','nunesalexia@hotmail.com');
INSERT INTO Colaboradores VALUES('98','Natália Araújo','1986-10-03','05794231661','Vila Santos, 71, Cdi Jatoba, 10216013 da Conceição / AP','(031) 5402 7634','nunesleticia@gmail.com');
INSERT INTO Colaboradores VALUES('99','Srta. Luana Barbosa','1989-03-30','30864925115','Quadra de Duarte, 5, Alpes, 47253090 Caldeira / PA','0500-420-7409','caue95@cardoso.com');
INSERT INTO Colaboradores VALUES('100','Srta. Ana Sophia Oliveira','1987-12-15','86129340796','Vila de Porto, Tupi B, 18852-067 Melo de Gonçalves / PI','84 8208-2237','tfreitas@yahoo.com.br');
INSERT INTO Colaboradores VALUES('101','Ana Júlia Araújo','1976-01-08','61482930722','Estrada da Costa, 951, Embaúbas, 52458-187 Ferreira da Praia / SP','0900 973 5331','elisa21@hotmail.com');
INSERT INTO Colaboradores VALUES('102','Maria Cecília Nogueira','1998-01-09','01742938523','Travessa de Rocha, 32, Itapoa, 48329-794 Vieira / TO','21 2203 1821','cazevedo@gmail.com');
INSERT INTO Colaboradores VALUES('103','Sr. Thomas Ferreira','1998-05-30','68310429703','Ladeira de Monteiro, 75, Nova America, 63298320 Rezende do Oeste / SP','+55 84 4590 5140','giovanna33@yahoo.com.br');
INSERT INTO Colaboradores VALUES('104','Srta. Joana Campos','2003-07-03','54038967247','Parque Sarah Pereira, 77, Jardim Vitoria, 91870-115 Ferreira de Minas / BA','(081) 8742 8691','barrosmirella@nascimento.net');
INSERT INTO Colaboradores VALUES('105','Nicole Novaes','2004-04-21','62710938413','Setor de Fernandes, 63, Jardinópolis, 66357-341 Farias do Oeste / MA','0300-508-2635','augusto07@lima.com');
INSERT INTO Colaboradores VALUES('106','Davi Luiz da Costa','1978-10-24','02937415652','Largo da Rosa, Camponesa 2ª Seção, 23296587 Azevedo de Nunes / AL','(031) 3410-9559','lunacorreia@ig.com.br');
INSERT INTO Colaboradores VALUES('107','Lucas Gabriel Castro','1998-11-25','91720564876','Campo de Moreira, 630, Urca, 72956868 Ramos / AM','+55 (071) 1399 3523','gnogueira@ig.com.br');
INSERT INTO Colaboradores VALUES('108','Enrico Castro','1989-02-24','23157906461','Feira de da Rocha, 30, Ouro Minas, 83678272 Viana do Norte / BA','+55 41 9740-5092','luiz-gustavo35@da.com');
INSERT INTO Colaboradores VALUES('109','Vitor Gabriel Jesus','1960-12-12','02857316453','Trecho Carolina Silveira, Betânia, 83186-259 Moraes / AL','0500-490-3100','igorrezende@alves.br');
INSERT INTO Colaboradores VALUES('110','Luna Costela','1994-07-08','03946728103','Rodovia Pires, 8, Antonio Ribeiro De Abreu 1ª Seção, 32960-950 Porto / AC','61 4924 5787','caua14@sales.com');
INSERT INTO Colaboradores VALUES('111','Sr. Gabriel Nogueira','1976-07-13','24701836931','Colônia Teixeira, 4, Vila Copacabana, 90793654 Lopes / MT','51 5533 4352','ppinto@caldeira.com');
INSERT INTO Colaboradores VALUES('112','Paulo da Rosa','1987-04-24','49310687584','Residencial de Santos, 77, Concórdia, 89013068 Mendes da Mata / AC','+55 (011) 2398 8536','nina76@rezende.org');
INSERT INTO Colaboradores VALUES('113','Camila Nascimento','1995-06-27','36051824960','Rodovia Kevin Cavalcanti, 835, São José, 73580-224 Costela Paulista / MS','(081) 1756-2470','catarina67@hotmail.com');
INSERT INTO Colaboradores VALUES('114','Natália Costa','1967-04-20','59063847238','Estrada de Almeida, 24, Nossa Senhora Aparecida, 64410-166 Araújo da Praia / AM','0300-918-5376','augusto67@cardoso.org');
INSERT INTO Colaboradores VALUES('115','Sabrina da Costa','1968-09-08','98426501389','Feira de da Cruz, 79, São Bento, 16478768 Barbosa / DF','(071) 4151 4499','yasminbarros@hotmail.com');
INSERT INTO Colaboradores VALUES('116','Clarice Teixeira','1979-07-04','26984317096','Aeroporto Oliveira, 32, Andiroba, 30857278 da Cruz Grande / GO','(041) 2170 2221','mendesisabella@mendes.com');
INSERT INTO Colaboradores VALUES('117','Caroline Fernandes','1995-08-31','60749123516','Estrada Isis Ferreira, 587, Conjunto Jardim Filadélfia, 24596908 Nunes / RR','41 8732-6227','maria-alice67@uol.com.br');
INSERT INTO Colaboradores VALUES('118','Emanuel da Rocha','1958-05-25','60741835207','Lago de da Cruz, 20, Conjunto Capitão Eduardo, 82968-733 Freitas da Mata / AP','11 7016-8812','vitor-gabrielcastro@uol.com.br');
INSERT INTO Colaboradores VALUES('119','João Gabriel Viana','1999-02-18','05628473162','Setor Duarte, 18, Morro Dos Macacos, 03726329 Santos da Prata / PE','+55 (071) 8219 9490','baragao@uol.com.br');
INSERT INTO Colaboradores VALUES('120','Helena Moreira','1991-03-11','58147690258','Trevo Gabriela Cardoso, 98, Vila Antena, 76429928 Nunes / DF','+55 51 5084 4675','gribeiro@bol.com.br');
INSERT INTO Colaboradores VALUES('121','Sofia Ferreira','2005-09-02','19457230841','Parque Pinto, 18, Vila Santo Antônio Barroquinha, 89022085 da Rosa de Souza / GO','84 7992-8707','rodrigueslarissa@hotmail.com');
INSERT INTO Colaboradores VALUES('122','Yago Novaes','1994-07-17','65098273447','Núcleo Vitor Hugo Duarte, 60, Vale Do Jatoba, 65599-341 da Cunha de Minas / CE','+55 (071) 9241 3026','isiscampos@lopes.br');
INSERT INTO Colaboradores VALUES('123','Francisco Ramos','1962-03-25','20957843160','Trevo Raquel Barros, 52, Gutierrez, 34824-409 Silva / PA','+55 84 5336 0742','dmonteiro@hotmail.com');
INSERT INTO Colaboradores VALUES('124','Esther Cardoso','1965-04-03','05792146802','Núcleo de da Rosa, 414, Aparecida, 93623365 Cunha / RJ','21 3122-8418','npeixoto@pinto.com');
INSERT INTO Colaboradores VALUES('125','Danilo Pereira','1992-11-24','79051423888','Lagoa Luiz Gustavo Pereira, 83, Conjunto Capitão Eduardo, 61579-566 Freitas Alegre / PR','+55 31 0046 7767','samuel98@pires.org');
INSERT INTO Colaboradores VALUES('126','Fernando Duarte','1998-03-19','68523097465','Colônia Nunes, 13, Cônego Pinheiro 1ª Seção, 52656-623 Aragão das Pedras / RJ','+55 (011) 7334 5388','manuela91@yahoo.com.br');
INSERT INTO Colaboradores VALUES('127','Emanuel Barbosa','1980-11-15','08475916384','Estação de Moura, 973, Conjunto Providencia, 90023636 Cunha Alegre / RO','+55 71 1341 1486','bda-cruz@moreira.com');
INSERT INTO Colaboradores VALUES('128','Ana Julia Nunes','1996-06-13','09471352860','Viela Lima, 21, Maravilha, 28653627 Araújo / RR','+55 31 3437-8272','souzaisadora@da.org');
INSERT INTO Colaboradores VALUES('129','Milena Vieira','1968-11-29','69583704148','Ladeira de Alves, 15, Cenaculo, 68989438 Lima de Martins / AL','+55 (021) 0896 4955','isadorada-cunha@gmail.com');
INSERT INTO Colaboradores VALUES('130','Rafael da Mata','1979-10-05','78539640139','Rodovia Ana Carolina Barbosa, 81, Vila Jardim Montanhes, 12579-145 Barbosa de da Conceição / AP','+55 51 7054 3160','gabriel36@bol.com.br');
INSERT INTO Colaboradores VALUES('131','Maria Clara Silva','1984-11-23','95072618340','Campo de Nogueira, 565, Santa Margarida, 71687-691 Melo / TO','+55 81 5997 1580','heloisa24@silva.com');
INSERT INTO Colaboradores VALUES('132','Yasmin Almeida','1994-02-11','94320657152','Esplanada de Dias, 58, Concórdia, 24474268 Barros / PE','+55 (041) 5495-5514','hda-cunha@bol.com.br');
INSERT INTO Colaboradores VALUES('133','Breno da Mata','1987-08-10','47580261901','Favela Nicolas Almeida, 57, São Jorge 3ª Seção, 47903-232 Rocha / RR','0300-342-7131','liviada-mota@ig.com.br');
INSERT INTO Colaboradores VALUES('134','Guilherme Araújo','1979-10-17','89017526386','Lagoa Catarina Correia, 339, Nossa Senhora Da Conceição, 61792-227 Monteiro / MT','+55 (084) 4356 7363','ydias@alves.com');
INSERT INTO Colaboradores VALUES('135','Thomas Alves','1968-05-28','98176345075','Conjunto Milena Lima, Serra Do Curral, 99507-866 Pereira da Prata / AM','0800 902 6645','da-luzfelipe@santos.com');
INSERT INTO Colaboradores VALUES('136','Raul Rezende','1998-01-31','73802165462','Praça Matheus da Mata, 32, Vila Minaslandia, 84062-864 Silva da Mata / PA','(051) 2826 9705','bryan10@yahoo.com.br');
INSERT INTO Colaboradores VALUES('137','Raquel Rodrigues','1993-10-23','30986271586','Favela Moreira, 35, Cinquentenário, 02875-421 Santos / MA','+55 (071) 7601 8122','ana-laura52@uol.com.br');
INSERT INTO Colaboradores VALUES('138','Srta. Ana Julia Martins','1993-04-03','03165487235','Viaduto Porto, 54, Vila Aeroporto Jaraguá, 48751019 da Luz / GO','21 8349-4748','evelyn44@goncalves.br');
INSERT INTO Colaboradores VALUES('139','Juliana Vieira','1986-09-08','20379658429','Rua Pires, 54, Taquaril, 63233897 Peixoto / SP','21 7556 5297','rodrigoda-mota@yahoo.com.br');
INSERT INTO Colaboradores VALUES('140','Sra. Clara Moraes','1991-10-14','89763154057','Sítio de Rodrigues, 450, Mangueiras, 17383487 Nunes das Pedras / MG','+55 11 8540-8915','da-motamarcos-vinicius@silva.br');
INSERT INTO Colaboradores VALUES('141','Sra. Isabella Mendes','1990-11-21','93716405884','Morro Caldeira, 365, Estrela, 20078-235 Moraes de da Cruz / PR','+55 21 2015-9427','fogacaluiz-henrique@bol.com.br');
INSERT INTO Colaboradores VALUES('142','Lara Ramos','1979-07-09','67938204510','Avenida Pietro Vieira, 10, Cruzeiro, 22462954 Pires da Serra / MA','31 2634 1831','emanuella36@yahoo.com.br');
INSERT INTO Colaboradores VALUES('143','Nicole Correia','1967-01-17','18629534737','Núcleo de Peixoto, Novo Glória, 14142911 da Mota do Norte / SE','(041) 6291 1782','yuri34@gmail.com');
INSERT INTO Colaboradores VALUES('144','Stephany Almeida','1998-04-01','14876025967','Rua de Viana, 2, Solimoes, 02388-691 Monteiro do Campo / ES','11 8475 4594','hda-conceicao@gmail.com');
INSERT INTO Colaboradores VALUES('145','Augusto Dias','1984-09-28','50263149889','Jardim de Lopes, 5, Chácara Leonina, 95237-667 Oliveira / AP','+55 (011) 5613 2497','correiavalentina@gomes.br');
INSERT INTO Colaboradores VALUES('146','Ana Júlia Pires','1995-10-18','59630287447','Praça Maitê Jesus, 9, São Bernardo, 74072934 Fogaça de Teixeira / RJ','+55 (081) 3725-8932','ramosmaria-luiza@nascimento.br');
INSERT INTO Colaboradores VALUES('147','Enzo Dias','1971-06-17','65978213003','Viaduto Alexandre Ferreira, 29, Santa Isabel, 71075720 da Rocha de Novaes / SP','(011) 9787 1474','pereiraemanuelly@teixeira.org');
INSERT INTO Colaboradores VALUES('148','Yasmin Cardoso','1977-05-05','79246351061','Recanto da Luz, 71, Pompéia, 75270043 Fogaça / GO','+55 41 0553 6484','anthonybarros@uol.com.br');
INSERT INTO Colaboradores VALUES('149','Davi Lucas Correia','1958-05-18','82196573086','Passarela de Correia, 90, Caiçara - Adelaide, 41412-506 Monteiro / ES','+55 11 2748 2621','zpereira@ig.com.br');
INSERT INTO Colaboradores VALUES('150','Agatha Vieira','1968-08-10','35478902683','Sítio Vieira, 51, Acaba Mundo, 04450-775 Cunha de Porto / PA','+55 (071) 1824 3395','alexandre36@gmail.com');

INSERT INTO HistoricoEmprego VALUES('1','102','Barman','2017-09-10','2023-05-17',15659.8799999999992,'Enzo Gabriel Cunha');
INSERT INTO HistoricoEmprego VALUES('2','112','Radialista programador','2020-07-23',NULL,10744.84000000000014,'Joaquim Farias');
INSERT INTO HistoricoEmprego VALUES('3','137','Classificador contábil','2016-06-24',NULL,13370.21999999999935,'Luna da Cunha');
INSERT INTO HistoricoEmprego VALUES('4','116','Estampador de tecidos','2015-05-23','2021-09-19',9151.280000000000655,'Leandro Caldeira');
INSERT INTO HistoricoEmprego VALUES('5','55','Guardador de veículos','2015-07-23','2017-10-23',11292.29000000000088,'Anthony Aragão');
INSERT INTO HistoricoEmprego VALUES('6','83','Mãe social','2021-01-13','2023-04-24',11744.29999999999928,'Vinicius da Rosa');
INSERT INTO HistoricoEmprego VALUES('7','123','Agente de defesa sanitária','2014-05-05',NULL,5854.619999999999891,'Caio Pinto');
INSERT INTO HistoricoEmprego VALUES('8','143','Engenheiro de produto ou produção','2020-02-01','2022-06-29',10812.27000000000043,'Clarice Fogaça');
INSERT INTO HistoricoEmprego VALUES('9','137','Radiooperador de vôo','2016-07-16','2023-09-09',5890.079999999999928,'Dr. Breno Teixeira');
INSERT INTO HistoricoEmprego VALUES('10','137','Representante comercial','2018-12-25','2022-07-22',13253.09000000000014,'Clarice Carvalho');
INSERT INTO HistoricoEmprego VALUES('11','114','Dermatologista','2021-03-17',NULL,5408.100000000000363,'Sofia Almeida');
INSERT INTO HistoricoEmprego VALUES('12','8','Ascensorista','2021-09-30','2023-08-25',6055.579999999999928,'Anthony Pinto');
INSERT INTO HistoricoEmprego VALUES('13','123','Ator','2017-05-02',NULL,5994.079999999999928,'Mariane Castro');
INSERT INTO HistoricoEmprego VALUES('14','76','Empacotador','2019-03-27','2019-12-31',4214.220000000000254,'Sophia Porto');
INSERT INTO HistoricoEmprego VALUES('15','40','Chaveiro','2013-12-13',NULL,11935.70999999999913,'Sofia Barros');
INSERT INTO HistoricoEmprego VALUES('16','142','Coach','2014-09-05','2023-11-09',8706.770000000000436,'Rodrigo Jesus');
INSERT INTO HistoricoEmprego VALUES('17','136','Enólogo','2017-08-12',NULL,10739.79999999999927,'Davi Lucca Nascimento');
INSERT INTO HistoricoEmprego VALUES('18','47','Camelô','2015-05-14','2023-10-22',12839.70000000000072,'Maria Sophia Cardoso');
INSERT INTO HistoricoEmprego VALUES('19','137','Anestesiologista','2021-04-11',NULL,8416.280000000000655,'Pietro da Rosa');
INSERT INTO HistoricoEmprego VALUES('20','42','Intérprete','2022-05-03','2023-05-30',4272.550000000000181,'Sr. Samuel Carvalho');
INSERT INTO HistoricoEmprego VALUES('21','1','Almoxarife','2017-06-13','2020-09-20',5429.600000000000363,'Isadora da Cunha');
INSERT INTO HistoricoEmprego VALUES('22','114','Toxicologista','2023-03-17','2023-04-20',13743.17000000000007,'Enzo Gabriel Monteiro');
INSERT INTO HistoricoEmprego VALUES('23','127','Microfonista','2021-01-20',NULL,7033.069999999999709,'Emanuel Cavalcanti');
INSERT INTO HistoricoEmprego VALUES('24','53','Engenheiro acústico','2017-04-06','2017-10-26',13009.78000000000065,'Vicente Melo');
INSERT INTO HistoricoEmprego VALUES('25','49','Luthier','2019-04-25',NULL,12020.93000000000029,'Sofia Rocha');
INSERT INTO HistoricoEmprego VALUES('26','64','Violonista','2016-11-24',NULL,19873.68000000000029,'Noah Costa');
INSERT INTO HistoricoEmprego VALUES('27','86','Representante comercial','2015-04-17','2023-10-18',7492.619999999999891,'Gustavo Cunha');
INSERT INTO HistoricoEmprego VALUES('28','11','Nefrologista','2016-07-10','2021-11-11',3585.059999999999946,'Gustavo Silveira');
INSERT INTO HistoricoEmprego VALUES('29','110','Programador','2016-01-07','2020-04-08',8883.420000000000072,'Sophie da Costa');
INSERT INTO HistoricoEmprego VALUES('30','31','Tecnólogo em papel e celulose','2022-10-03',NULL,17147.90999999999986,'Luiz Felipe Lopes');
INSERT INTO HistoricoEmprego VALUES('31','60','Sociólogo','2019-05-11',NULL,7564.390000000000327,'Esther Vieira');
INSERT INTO HistoricoEmprego VALUES('32','42','Radialista programador','2022-12-11',NULL,12825.70000000000072,'Ian Lima');
INSERT INTO HistoricoEmprego VALUES('33','42','Artista plástico','2018-04-19',NULL,10478.8099999999995,'Caio Vieira');
INSERT INTO HistoricoEmprego VALUES('34','31','Cineasta','2018-11-18',NULL,17390.22000000000116,'Mariana Dias');
INSERT INTO HistoricoEmprego VALUES('35','88','Gandula','2022-07-18','2022-10-02',11642.06999999999971,'Sr. Luiz Henrique Campos');
INSERT INTO HistoricoEmprego VALUES('36','84','Intérprete e tradutor de língua de sinais','2015-11-10',NULL,19723.99000000000161,'Luiz Henrique Melo');
INSERT INTO HistoricoEmprego VALUES('37','56','Professor','2023-09-21','2023-11-08',15776.85000000000036,'Srta. Caroline Farias');
INSERT INTO HistoricoEmprego VALUES('38','16','Engenheiro de petróleo','2015-02-23','2023-06-10',18239.63999999999942,'Sr. Leonardo Moreira');
INSERT INTO HistoricoEmprego VALUES('39','123','Tabelião','2020-01-04',NULL,6780.119999999999891,'João Vitor Silveira');
INSERT INTO HistoricoEmprego VALUES('40','7','Moldureiro','2018-05-12',NULL,19038.70000000000072,'Srta. Marcela Vieira');
INSERT INTO HistoricoEmprego VALUES('41','38','Gari','2021-03-19','2023-11-24',3954.289999999999964,'Mariana Costa');
INSERT INTO HistoricoEmprego VALUES('42','19','Oftalmologista','2019-10-10','2023-07-17',3793.329999999999928,'Emanuelly Monteiro');
INSERT INTO HistoricoEmprego VALUES('43','124','Guarda roupeiro','2022-09-28',NULL,9983.35000000000036,'Raul da Costa');
INSERT INTO HistoricoEmprego VALUES('44','98','Engenheiro químico','2021-03-03',NULL,9709.46999999999934,'Yuri Caldeira');
INSERT INTO HistoricoEmprego VALUES('45','94','Intérprete','2022-07-19','2023-08-24',6655.649999999999637,'Dr. Bryan Porto');
INSERT INTO HistoricoEmprego VALUES('46','70','Restaurador','2019-04-27','2022-12-30',17694.25,'Valentina Cardoso');
INSERT INTO HistoricoEmprego VALUES('47','24','Broker/Corretor da bolsa de valores','2018-09-13','2020-03-05',4977.989999999999782,'Srta. Rafaela Pires');
INSERT INTO HistoricoEmprego VALUES('48','132','Degustador','2019-04-28','2023-05-01',5814.850000000000363,'Mariane Peixoto');
INSERT INTO HistoricoEmprego VALUES('49','89','Engenheiro de supply chain ou logística','2021-10-31','2022-01-02',8053.1899999999996,'Raquel Moura');
INSERT INTO HistoricoEmprego VALUES('50','89','Mecânico','2022-04-08','2023-09-09',18559.22999999999957,'João Felipe Barros');
INSERT INTO HistoricoEmprego VALUES('51','24','Contramestre em transporte marítimo','2020-03-26','2022-08-06',7189.029999999999746,'Isaac Cardoso');
INSERT INTO HistoricoEmprego VALUES('52','132','Turismólogo','2019-12-19','2021-11-16',11446.72999999999957,'Luiz Miguel Lima');
INSERT INTO HistoricoEmprego VALUES('53','52','Atleta de tiro com arco','2014-05-11','2020-09-10',10993.84000000000014,'Sr. Luiz Otávio Barros');
INSERT INTO HistoricoEmprego VALUES('54','139','Meteorologista','2022-06-23',NULL,14674.84000000000014,'Sr. Lucca Nascimento');
INSERT INTO HistoricoEmprego VALUES('55','49','Ginasta rítmica','2015-12-05','2022-10-16',16265.21999999999935,'Paulo Santos');
INSERT INTO HistoricoEmprego VALUES('56','5','Governanta','2018-07-03','2020-01-19',5788.8100000000004,'Sofia Rocha');
INSERT INTO HistoricoEmprego VALUES('57','42','Gerente de banco','2014-09-16','2017-06-29',5061.359999999999673,'João Guilherme Costela');
INSERT INTO HistoricoEmprego VALUES('58','67','Confeiteiro','2014-03-12','2023-09-30',13133.96999999999935,'Beatriz Silva');
INSERT INTO HistoricoEmprego VALUES('59','113','Pecuarista','2021-03-24',NULL,7004.029999999999746,'Ana Beatriz Cardoso');
INSERT INTO HistoricoEmprego VALUES('60','13','Produtor de audio visual','2020-02-12','2023-07-18',3614.929999999999837,'Dr. Renan Duarte');
INSERT INTO HistoricoEmprego VALUES('61','59','Jogador de vôlei','2014-04-23','2015-01-29',17532.63999999999942,'Diogo Silveira');
INSERT INTO HistoricoEmprego VALUES('62','84','Lutador de taekwondo','2023-04-18',NULL,19504.63999999999942,'Lorena da Rocha');
INSERT INTO HistoricoEmprego VALUES('63','4','Administrador de banco de dados DBA','2019-02-08',NULL,6812.3100000000004,'Arthur Melo');
INSERT INTO HistoricoEmprego VALUES('64','84','Quadrinista','2018-04-10',NULL,3167.210000000000036,'Emanuella das Neves');
INSERT INTO HistoricoEmprego VALUES('65','16','Caldeireiro','2016-01-07','2019-12-11',5743.520000000000436,'Dr. Gustavo Henrique Sales');
INSERT INTO HistoricoEmprego VALUES('66','44','Jornaleiro','2014-12-17','2018-04-26',11020.98999999999979,'Maria Vitória da Conceição');
INSERT INTO HistoricoEmprego VALUES('67','12','Terapeuta ocupacional','2015-01-07','2016-02-02',10879.63999999999942,'Ana Carolina Novaes');
INSERT INTO HistoricoEmprego VALUES('68','111','Esgrimista','2022-09-18',NULL,8382.309999999999491,'Gustavo Henrique Araújo');
INSERT INTO HistoricoEmprego VALUES('69','135','Contatólogo','2022-09-20',NULL,8558.079999999999928,'Nina Duarte');
INSERT INTO HistoricoEmprego VALUES('70','53','Contatólogo','2019-05-27','2022-07-13',3808.550000000000181,'Cauê das Neves');
INSERT INTO HistoricoEmprego VALUES('71','54','Psicopedagogo','2017-02-05',NULL,9826.63999999999942,'Rodrigo Pereira');
INSERT INTO HistoricoEmprego VALUES('72','47','Boticário','2014-11-04','2021-10-09',8400.920000000000072,'Lucas Gomes');
INSERT INTO HistoricoEmprego VALUES('73','80','Engenheiro de manufatura','2015-08-18',NULL,13469.73999999999979,'Kamilly da Mota');
INSERT INTO HistoricoEmprego VALUES('74','119','Engenheiro florestal','2021-03-11','2022-03-15',6653.3100000000004,'Marcos Vinicius Ramos');
INSERT INTO HistoricoEmprego VALUES('75','37','Odontopediatra','2021-02-25',NULL,17863.06999999999971,'Dra. Clarice Fogaça');
INSERT INTO HistoricoEmprego VALUES('76','117','Redator','2022-08-19','2023-06-26',18803.06000000000131,'Nina Almeida');
INSERT INTO HistoricoEmprego VALUES('77','144','Soldado','2021-04-16',NULL,13964.1299999999992,'Sra. Maitê Nunes');
INSERT INTO HistoricoEmprego VALUES('78','75','Oficial de justiça','2018-05-05','2018-06-06',16205.57999999999993,'Catarina da Cunha');
INSERT INTO HistoricoEmprego VALUES('79','137','Coordenador','2020-07-17','2021-12-23',6792.850000000000363,'Caroline da Conceição');
INSERT INTO HistoricoEmprego VALUES('80','36','Advogado','2018-05-26',NULL,14461.77000000000043,'Sr. João Felipe da Cruz');
INSERT INTO HistoricoEmprego VALUES('81','138','Cadeirinha','2021-02-10','2023-03-28',16312.97999999999957,'Laís Novaes');
INSERT INTO HistoricoEmprego VALUES('82','69','Entalhador','2022-07-20',NULL,3149.170000000000072,'Maria Fernanda Freitas');
INSERT INTO HistoricoEmprego VALUES('83','37','Marcador de luz','2014-06-27',NULL,14241.22999999999957,'Guilherme Castro');
INSERT INTO HistoricoEmprego VALUES('84','21','Cartazeiro','2019-04-26',NULL,13740.29000000000087,'Alexia Nogueira');
INSERT INTO HistoricoEmprego VALUES('85','97','Sexólogo','2017-11-14',NULL,3795.429999999999837,'Luiz Felipe Mendes');
INSERT INTO HistoricoEmprego VALUES('86','102','Desenhista','2018-04-15',NULL,5624.960000000000036,'Isabella da Rocha');
INSERT INTO HistoricoEmprego VALUES('87','31','Diretor de fotografia','2020-04-29','2021-09-04',16187.56999999999971,'Evelyn Peixoto');
INSERT INTO HistoricoEmprego VALUES('88','122','Cirurgião bucal','2021-01-26','2022-09-12',3481.460000000000036,'Giovanna Ribeiro');
INSERT INTO HistoricoEmprego VALUES('89','117','Museólogo','2021-08-26',NULL,8535.209999999999126,'Sr. Lucca Barros');
INSERT INTO HistoricoEmprego VALUES('90','149','Representante comercial','2022-04-10',NULL,4947.229999999999564,'Laís Lopes');
INSERT INTO HistoricoEmprego VALUES('91','145','Modelo','2020-05-29','2021-07-09',5015.850000000000363,'Sofia Fogaça');
INSERT INTO HistoricoEmprego VALUES('92','107','Juiz ou árbitro de futebol','2022-03-20',NULL,16049.45999999999913,'Diego Barbosa');
INSERT INTO HistoricoEmprego VALUES('93','104','Ortesista','2020-02-08','2022-08-29',12366.03000000000065,'Maria Fernanda Teixeira');
INSERT INTO HistoricoEmprego VALUES('94','84','Engenheiro aeronáutico','2015-03-11',NULL,7766.109999999999673,'Nicole Duarte');
INSERT INTO HistoricoEmprego VALUES('95','94','Coach','2021-04-12','2022-05-04',18382.54000000000087,'Felipe Teixeira');
INSERT INTO HistoricoEmprego VALUES('96','9','Nutrologista','2018-09-15','2019-06-22',8983.899999999999637,'Miguel Nunes');
INSERT INTO HistoricoEmprego VALUES('97','53','Baixista','2015-08-03',NULL,3288.550000000000181,'Lorena Cunha');
INSERT INTO HistoricoEmprego VALUES('98','107','Coach','2018-10-29','2018-12-06',6038.510000000000218,'Gabrielly Nogueira');
INSERT INTO HistoricoEmprego VALUES('99','2','Pastilheiro','2016-10-07','2023-08-24',13515.6900000000005,'Vitor Nascimento');
INSERT INTO HistoricoEmprego VALUES('100','80','Impressor','2020-12-22','2021-07-01',4836.090000000000145,'Sr. Renan Gonçalves');
INSERT INTO HistoricoEmprego VALUES('101','27','Técnico em tratamento de água','2021-09-28','2022-09-08',8877.680000000000291,'Heloísa Ferreira');
INSERT INTO HistoricoEmprego VALUES('102','93','Odontologista preventivo e social','2020-02-08',NULL,7164.079999999999928,'Alice Lopes');
INSERT INTO HistoricoEmprego VALUES('103','16','Gagsman','2020-07-28','2022-03-24',16490.83000000000175,'Yago Freitas');
INSERT INTO HistoricoEmprego VALUES('104','71','Personal trainer','2021-06-22','2023-06-06',17297.59999999999854,'Dr. Luiz Felipe Aragão');
INSERT INTO HistoricoEmprego VALUES('105','140','Traumatologista','2018-01-22','2019-08-20',18826.79999999999928,'Cauê Gonçalves');
INSERT INTO HistoricoEmprego VALUES('106','126','Trilheiro ou músico de cinema','2021-09-23','2022-09-01',15719.81999999999971,'Dr. Henrique Dias');
INSERT INTO HistoricoEmprego VALUES('107','102','Técnico em óptica','2013-12-07','2016-11-11',12192.63999999999942,'Enzo Barbosa');
INSERT INTO HistoricoEmprego VALUES('108','60','Corregedor de justiça','2017-08-15','2021-11-29',14181.45000000000072,'Srta. Melissa Santos');
INSERT INTO HistoricoEmprego VALUES('109','27','Capataz','2021-10-21',NULL,13773.3099999999995,'Ana Julia Melo');
INSERT INTO HistoricoEmprego VALUES('110','41','Carpinteiro','2016-04-26',NULL,9696.40999999999986,'Laura Rezende');
INSERT INTO HistoricoEmprego VALUES('111','97','Bombeiro','2022-05-26','2022-09-01',6842.350000000000363,'Sra. Larissa Rezende');
INSERT INTO HistoricoEmprego VALUES('112','137','Operador de bombas','2016-06-01',NULL,14691.84000000000014,'Sr. Anthony Cavalcanti');
INSERT INTO HistoricoEmprego VALUES('113','35','Trompetista','2017-02-20','2020-06-21',15333.1299999999992,'Yasmin Mendes');
INSERT INTO HistoricoEmprego VALUES('114','11','Filósofo','2020-05-30',NULL,12628.42000000000007,'Evelyn Porto');
INSERT INTO HistoricoEmprego VALUES('115','95','Radioterapêutico','2017-10-30',NULL,13673.42000000000007,'João Miguel Ferreira');
INSERT INTO HistoricoEmprego VALUES('116','55','Quiropraxista','2019-03-03',NULL,8539.229999999999564,'Vitor Gabriel Fernandes');
INSERT INTO HistoricoEmprego VALUES('117','14','Militar da Aeronáutica','2019-05-19','2022-04-23',4571.369999999999891,'Ana Luiza da Cruz');
INSERT INTO HistoricoEmprego VALUES('118','98','Artesão','2015-03-01',NULL,10020.76000000000021,'Maria Julia Peixoto');
INSERT INTO HistoricoEmprego VALUES('119','17','Coach','2014-12-02','2021-12-01',4543.590000000000145,'Leonardo Novaes');
INSERT INTO HistoricoEmprego VALUES('120','13','Ortopedista','2019-09-21',NULL,4128.260000000000218,'Stephany Oliveira');
INSERT INTO HistoricoEmprego VALUES('121','48','Radialista','2020-04-08','2020-06-18',18035.38999999999942,'Sofia Monteiro');
INSERT INTO HistoricoEmprego VALUES('122','136','Vistoriador de sinistros','2020-12-01',NULL,10877.4400000000005,'Dr. Anthony Costela');
INSERT INTO HistoricoEmprego VALUES('123','30','Oficial de justiça','2022-01-11',NULL,18470.25,'Juan Costa');
INSERT INTO HistoricoEmprego VALUES('124','93','Paisagista','2023-07-07','2023-07-14',7211.890000000000327,'Rafael Nogueira');
INSERT INTO HistoricoEmprego VALUES('125','25','Faturista','2017-02-27',NULL,12334.61000000000058,'Gustavo Ramos');
INSERT INTO HistoricoEmprego VALUES('126','39','Pintor','2017-11-04','2020-12-04',16104.38999999999942,'Breno Barbosa');
INSERT INTO HistoricoEmprego VALUES('127','13','Turismólogo','2017-10-07','2020-09-07',17616.91999999999825,'Sabrina Oliveira');
INSERT INTO HistoricoEmprego VALUES('128','124','Roteirista','2022-02-13','2023-07-02',8423.819999999999709,'Sra. Lara Gonçalves');
INSERT INTO HistoricoEmprego VALUES('129','53','Sargento','2018-10-20','2021-01-07',15130.02000000000043,'Diogo da Luz');
INSERT INTO HistoricoEmprego VALUES('130','21','Moldador','2022-06-22','2023-06-18',15769.03000000000065,'Thomas Gomes');
INSERT INTO HistoricoEmprego VALUES('131','133','Estilista','2018-09-27','2019-04-29',13567.31999999999971,'Sr. Vinicius da Mota');
INSERT INTO HistoricoEmprego VALUES('132','8','Vendedor','2021-08-07','2023-05-29',9186.290000000000874,'Rafaela Nascimento');
INSERT INTO HistoricoEmprego VALUES('133','94','Atleta de nado sincronizado','2015-04-15','2023-05-18',13397.23999999999979,'Dr. Yago Moreira');
INSERT INTO HistoricoEmprego VALUES('134','100','Técnico em tratamento de água','2015-01-05','2016-01-19',15111.98999999999979,'Dr. João Souza');
INSERT INTO HistoricoEmprego VALUES('135','41','Comprador','2020-04-04','2021-02-09',11270.4400000000005,'Júlia Vieira');
INSERT INTO HistoricoEmprego VALUES('136','34','Bancário','2021-02-28','2023-02-27',17107.11999999999899,'Nathan Nascimento');
INSERT INTO HistoricoEmprego VALUES('137','127','Policial militar','2017-06-24','2021-03-26',7786.149999999999637,'Vicente Cunha');
INSERT INTO HistoricoEmprego VALUES('138','87','Capitão','2016-07-23',NULL,11553.79000000000087,'Bernardo Silveira');
INSERT INTO HistoricoEmprego VALUES('139','137','Odontologista legal','2022-01-07',NULL,11700.64999999999964,'Breno Costela');
INSERT INTO HistoricoEmprego VALUES('140','10','Feirante','2019-04-17',NULL,5067,'Catarina Melo');
INSERT INTO HistoricoEmprego VALUES('141','107','Triatleta','2014-09-21',NULL,14909.15999999999986,'Maria Julia Barros');
INSERT INTO HistoricoEmprego VALUES('142','60','Ginecologista','2021-04-10',NULL,16099.95000000000072,'Yago da Mota');
INSERT INTO HistoricoEmprego VALUES('143','28','Odontologista estético','2021-11-29',NULL,4233.470000000000254,'Gustavo da Conceição');
INSERT INTO HistoricoEmprego VALUES('144','84','Carpinteiro','2017-03-29',NULL,8476.739999999999782,'Gabriela Carvalho');
INSERT INTO HistoricoEmprego VALUES('145','98','Recreador','2018-07-08',NULL,18013.61000000000058,'Srta. Kamilly da Mata');
INSERT INTO HistoricoEmprego VALUES('146','117','Ator','2014-09-10','2020-09-11',19951.22000000000116,'Juan Peixoto');
INSERT INTO HistoricoEmprego VALUES('147','49','Engenheiro de telecomunicações','2021-08-01','2021-10-16',19602.58000000000175,'Maria Clara da Conceição');
INSERT INTO HistoricoEmprego VALUES('148','84','Harpista','2016-10-01',NULL,9706.38999999999942,'Dra. Camila Silva');
INSERT INTO HistoricoEmprego VALUES('149','96','Tecnólogo em processos químicos','2016-07-08',NULL,7289.229999999999564,'Dr. Lorenzo Viana');
INSERT INTO HistoricoEmprego VALUES('150','135','Implantodontista','2017-10-25','2021-04-09',3423.449999999999819,'Camila Santos');

INSERT INTO Treinamento VALUES('1','101','O direito de concretizar seus projetos com confiança','2022-10-11','Sales Moreira S.A.');
INSERT INTO Treinamento VALUES('2','30','A certeza de inovar antes de tudo','2020-12-16','Ferreira');
INSERT INTO Treinamento VALUES('3','138','O direito de conseguir simplesmente','2016-06-03','da Rocha');
INSERT INTO Treinamento VALUES('4','75','A possibilidade de realizar seus sonhos mais rapidamente','2017-11-24','das Neves');
INSERT INTO Treinamento VALUES('5','117','A simplicidade de realizar seus sonhos em estado puro','2018-04-11','Lopes e Filhos');
INSERT INTO Treinamento VALUES('6','86','A segurança de conseguir mais rapidamente','2014-11-21','Fernandes Freitas - ME');
INSERT INTO Treinamento VALUES('7','9','O conforto de conseguir de maneira eficaz','2018-05-29','das Neves');
INSERT INTO Treinamento VALUES('8','44','A segurança de atingir seus objetivos direto da fonte','2016-08-13','Araújo S/A');
INSERT INTO Treinamento VALUES('9','69','A arte de mudar mais facilmente','2020-12-23','Novaes');
INSERT INTO Treinamento VALUES('10','19','O poder de conseguir de maneira eficaz','2023-01-04','Silva');
INSERT INTO Treinamento VALUES('11','61','O prazer de realizar seus sonhos mais facilmente','2023-06-27','Araújo S.A.');
INSERT INTO Treinamento VALUES('12','138','A possibilidade de avançar naturalmente','2018-12-12','Pires Mendes - EI');
INSERT INTO Treinamento VALUES('13','108','O poder de avançar com força total','2023-11-12','Teixeira');
INSERT INTO Treinamento VALUES('14','113','A simplicidade de inovar com força total','2019-05-25','Freitas S/A');
INSERT INTO Treinamento VALUES('15','109','A arte de realizar seus sonhos mais rapidamente','2018-06-14','Porto Pereira Ltda.');
INSERT INTO Treinamento VALUES('16','84','A simplicidade de conseguir naturalmente','2014-12-11','Souza');
INSERT INTO Treinamento VALUES('17','28','A segurança de avançar sem preocupação','2014-07-12','Nascimento Cardoso - ME');
INSERT INTO Treinamento VALUES('18','9','O conforto de realizar seus sonhos de maneira eficaz','2022-04-23','Rodrigues');
INSERT INTO Treinamento VALUES('19','78','A liberdade de concretizar seus projetos direto da fonte','2018-03-14','Melo Lopes S.A.');
INSERT INTO Treinamento VALUES('20','98','A arte de evoluir mais facilmente','2016-02-02','Jesus S/A');
INSERT INTO Treinamento VALUES('21','107','O prazer de realizar seus sonhos antes de tudo','2021-12-29','Oliveira');
INSERT INTO Treinamento VALUES('22','121','A vantagem de concretizar seus projetos sem preocupação','2014-02-24','da Rosa S.A.');
INSERT INTO Treinamento VALUES('23','59','O direito de ganhar com toda a tranquilidade','2022-09-04','Cavalcanti da Mota - ME');
INSERT INTO Treinamento VALUES('24','18','O conforto de realizar seus sonhos com confiança','2022-05-06','Santos');
INSERT INTO Treinamento VALUES('25','2','O prazer de evoluir mais facilmente','2022-03-12','Moura Martins - EI');
INSERT INTO Treinamento VALUES('26','111','A liberdade de mudar simplesmente','2020-10-02','Viana e Filhos');
INSERT INTO Treinamento VALUES('27','118','O prazer de avançar simplesmente','2015-10-31','da Luz');
INSERT INTO Treinamento VALUES('28','110','A certeza de inovar com confiança','2016-01-28','Ramos Pinto Ltda.');
INSERT INTO Treinamento VALUES('29','95','A segurança de atingir seus objetivos em estado puro','2022-01-22','Silveira');
INSERT INTO Treinamento VALUES('30','31','A simplicidade de evoluir mais facilmente','2015-09-02','Rezende');
INSERT INTO Treinamento VALUES('31','13','A vantagem de atingir seus objetivos de maneira eficaz','2020-02-17','da Paz');
INSERT INTO Treinamento VALUES('32','71','A certeza de mudar direto da fonte','2021-04-28','Viana - EI');
INSERT INTO Treinamento VALUES('33','126','O direito de avançar com força total','2021-12-10','da Luz e Filhos');
INSERT INTO Treinamento VALUES('34','31','O direito de conseguir de maneira eficaz','2022-01-14','Azevedo');
INSERT INTO Treinamento VALUES('35','10','A possibilidade de concretizar seus projetos com toda a tranquilidade','2020-09-09','Correia');
INSERT INTO Treinamento VALUES('36','9','A possibilidade de realizar seus sonhos mais facilmente','2015-05-07','Rezende');
INSERT INTO Treinamento VALUES('37','144','A possibilidade de concretizar seus projetos com toda a tranquilidade','2022-06-19','Nunes - ME');
INSERT INTO Treinamento VALUES('38','45','A certeza de inovar em estado puro','2014-10-21','Nunes');
INSERT INTO Treinamento VALUES('39','87','A simplicidade de ganhar de maneira eficaz','2016-11-13','Dias Farias - ME');
INSERT INTO Treinamento VALUES('40','2','O conforto de realizar seus sonhos sem preocupação','2015-09-04','Cardoso');
INSERT INTO Treinamento VALUES('41','134','A liberdade de mudar com força total','2023-01-15','Alves Correia e Filhos');
INSERT INTO Treinamento VALUES('42','72','O conforto de atingir seus objetivos naturalmente','2017-02-23','Martins - ME');
INSERT INTO Treinamento VALUES('43','138','A segurança de ganhar simplesmente','2021-10-15','Ramos Ltda.');
INSERT INTO Treinamento VALUES('44','105','A possibilidade de atingir seus objetivos em estado puro','2017-02-03','das Neves');
INSERT INTO Treinamento VALUES('45','10','O conforto de concretizar seus projetos simplesmente','2019-05-05','Santos e Filhos');
INSERT INTO Treinamento VALUES('46','35','A segurança de evoluir antes de tudo','2021-03-25','Mendes S.A.');
INSERT INTO Treinamento VALUES('47','103','A liberdade de evoluir antes de tudo','2019-04-03','Ferreira Teixeira S.A.');
INSERT INTO Treinamento VALUES('48','119','A segurança de atingir seus objetivos direto da fonte','2015-10-06','Pereira Nunes - EI');
INSERT INTO Treinamento VALUES('49','129','A arte de evoluir antes de tudo','2017-06-26','Aragão Vieira S/A');
INSERT INTO Treinamento VALUES('50','98','A segurança de conseguir sem preocupação','2018-11-14','Oliveira S.A.');
INSERT INTO Treinamento VALUES('51','84','O direito de evoluir com toda a tranquilidade','2021-06-07','Castro');
INSERT INTO Treinamento VALUES('52','104','A liberdade de realizar seus sonhos sem preocupação','2021-05-26','Monteiro - ME');
INSERT INTO Treinamento VALUES('53','80','A arte de atingir seus objetivos direto da fonte','2023-09-02','da Rosa - EI');
INSERT INTO Treinamento VALUES('54','103','A liberdade de evoluir simplesmente','2017-07-09','Rodrigues S.A.');
INSERT INTO Treinamento VALUES('55','13','A possibilidade de conseguir de maneira eficaz','2018-09-09','Monteiro');
INSERT INTO Treinamento VALUES('56','96','O poder de atingir seus objetivos mais rapidamente','2019-09-18','Costela Farias S.A.');
INSERT INTO Treinamento VALUES('57','35','O conforto de realizar seus sonhos com confiança','2019-02-16','da Mata');
INSERT INTO Treinamento VALUES('58','81','A possibilidade de atingir seus objetivos simplesmente','2021-03-15','Pires Moraes - EI');
INSERT INTO Treinamento VALUES('59','81','O conforto de avançar com força total','2020-12-01','Ferreira da Cruz Ltda.');
INSERT INTO Treinamento VALUES('60','73','A arte de conseguir naturalmente','2021-09-20','Costela');
INSERT INTO Treinamento VALUES('61','114','O conforto de concretizar seus projetos mais rapidamente','2017-01-18','Correia S/A');
INSERT INTO Treinamento VALUES('62','103','A simplicidade de realizar seus sonhos em estado puro','2019-08-14','Pinto Costela S/A');
INSERT INTO Treinamento VALUES('63','123','O prazer de realizar seus sonhos em estado puro','2019-02-25','da Mota');
INSERT INTO Treinamento VALUES('64','19','O poder de realizar seus sonhos sem preocupação','2022-12-11','da Cunha Vieira S/A');
INSERT INTO Treinamento VALUES('65','102','A possibilidade de concretizar seus projetos direto da fonte','2023-09-21','Azevedo');
INSERT INTO Treinamento VALUES('66','93','A arte de avançar com confiança','2017-11-15','Novaes Martins - ME');
INSERT INTO Treinamento VALUES('67','82','A arte de conseguir mais facilmente','2019-08-18','da Rocha');
INSERT INTO Treinamento VALUES('68','86','O poder de avançar com confiança','2023-07-17','Aragão');
INSERT INTO Treinamento VALUES('69','105','A arte de concretizar seus projetos em estado puro','2022-02-07','Cardoso');
INSERT INTO Treinamento VALUES('70','100','O poder de evoluir com força total','2016-08-24','Melo Moraes S/A');
INSERT INTO Treinamento VALUES('71','51','O prazer de atingir seus objetivos com confiança','2017-06-20','da Rocha');
INSERT INTO Treinamento VALUES('72','65','O direito de mudar antes de tudo','2015-09-11','Nunes Dias e Filhos');
INSERT INTO Treinamento VALUES('73','70','O conforto de concretizar seus projetos de maneira eficaz','2021-03-31','Cunha');
INSERT INTO Treinamento VALUES('74','119','A vantagem de avançar com força total','2023-04-02','Monteiro Ltda.');
INSERT INTO Treinamento VALUES('75','145','O conforto de atingir seus objetivos antes de tudo','2017-04-01','Cardoso Monteiro - ME');
INSERT INTO Treinamento VALUES('76','110','A segurança de conseguir com confiança','2015-12-19','da Mota');
INSERT INTO Treinamento VALUES('77','144','A liberdade de conseguir sem preocupação','2022-08-10','Fernandes');
INSERT INTO Treinamento VALUES('78','88','O conforto de evoluir com confiança','2015-08-26','Ribeiro');
INSERT INTO Treinamento VALUES('79','115','A possibilidade de realizar seus sonhos mais facilmente','2017-08-03','Caldeira');
INSERT INTO Treinamento VALUES('80','39','A vantagem de atingir seus objetivos com confiança','2016-10-24','Pereira Cavalcanti S/A');
INSERT INTO Treinamento VALUES('81','35','A certeza de mudar com força total','2019-02-20','da Conceição Novaes Ltda.');
INSERT INTO Treinamento VALUES('82','115','A segurança de conseguir com força total','2015-09-27','Lopes Ferreira e Filhos');
INSERT INTO Treinamento VALUES('83','108','A certeza de mudar simplesmente','2020-10-12','Gonçalves S.A.');
INSERT INTO Treinamento VALUES('84','30','A simplicidade de realizar seus sonhos simplesmente','2022-07-30','Ramos');
INSERT INTO Treinamento VALUES('85','137','A vantagem de realizar seus sonhos mais facilmente','2014-05-13','Moraes');
INSERT INTO Treinamento VALUES('86','109','A arte de evoluir antes de tudo','2020-07-29','Pires');
INSERT INTO Treinamento VALUES('87','30','O direito de avançar direto da fonte','2018-01-02','Rodrigues');
INSERT INTO Treinamento VALUES('88','125','O direito de mudar direto da fonte','2017-06-13','Pereira');
INSERT INTO Treinamento VALUES('89','52','O direito de mudar sem preocupação','2014-10-07','Pinto Pereira S.A.');
INSERT INTO Treinamento VALUES('90','34','A segurança de inovar com confiança','2015-10-20','Ribeiro Farias S/A');
INSERT INTO Treinamento VALUES('91','81','A possibilidade de inovar sem preocupação','2019-05-01','Silva Aragão Ltda.');
INSERT INTO Treinamento VALUES('92','71','A simplicidade de ganhar em estado puro','2017-04-21','da Cruz');
INSERT INTO Treinamento VALUES('93','115','A vantagem de realizar seus sonhos mais facilmente','2019-04-26','da Conceição');
INSERT INTO Treinamento VALUES('94','108','O poder de evoluir direto da fonte','2020-04-12','Lopes Novaes - ME');
INSERT INTO Treinamento VALUES('95','104','A possibilidade de inovar com confiança','2014-03-06','Cunha');
INSERT INTO Treinamento VALUES('96','120','O direito de conseguir com toda a tranquilidade','2016-06-17','Carvalho');
INSERT INTO Treinamento VALUES('97','44','O poder de ganhar mais rapidamente','2020-01-09','da Paz');
INSERT INTO Treinamento VALUES('98','38','O direito de avançar mais facilmente','2015-05-16','Vieira Gomes - ME');
INSERT INTO Treinamento VALUES('99','71','O direito de atingir seus objetivos naturalmente','2018-05-08','da Cunha S/A');
INSERT INTO Treinamento VALUES('100','109','O prazer de ganhar em estado puro','2020-11-10','Costa');

INSERT INTO Licencas VALUES('1','141','licença médica','2022-10-17','2023-06-15');
INSERT INTO Licencas VALUES('2','1','licença médica','2022-01-23','2022-02-19');
INSERT INTO Licencas VALUES('3','10','licença médica','2022-01-04','2022-05-01');
INSERT INTO Licencas VALUES('4','27','férias','2023-09-10','2024-08-31');
INSERT INTO Licencas VALUES('5','110','licença médica','2022-05-31','2022-12-13');
INSERT INTO Licencas VALUES('6','131','licença médica','2022-10-31','2023-07-01');
INSERT INTO Licencas VALUES('7','96','licença médica','2022-10-24','2023-04-26');
INSERT INTO Licencas VALUES('8','133','licença médica','2023-08-21','2023-11-15');
INSERT INTO Licencas VALUES('9','91','licença médica','2022-11-04','2023-10-29');
INSERT INTO Licencas VALUES('10','40','férias','2022-01-19','2022-11-16');
INSERT INTO Licencas VALUES('11','36','férias','2022-12-08','2023-06-21');
INSERT INTO Licencas VALUES('12','79','licença médica','2023-03-02','2023-03-15');
INSERT INTO Licencas VALUES('13','122','licença médica','2023-07-01','2024-03-17');
INSERT INTO Licencas VALUES('14','118','férias','2023-04-19','2023-07-08');
INSERT INTO Licencas VALUES('15','82','férias','2023-02-26','2023-03-12');
INSERT INTO Licencas VALUES('16','124','férias','2023-10-05','2024-08-20');
INSERT INTO Licencas VALUES('17','63','férias','2023-06-28','2023-11-20');
INSERT INTO Licencas VALUES('18','77','licença médica','2023-06-24','2023-07-16');
INSERT INTO Licencas VALUES('19','73','férias','2023-04-26','2023-09-25');
INSERT INTO Licencas VALUES('20','2','licença médica','2022-10-20','2023-04-01');
INSERT INTO Licencas VALUES('21','84','férias','2022-02-16','2022-04-26');
INSERT INTO Licencas VALUES('22','6','férias','2021-12-24','2022-05-25');
INSERT INTO Licencas VALUES('23','73','licença médica','2023-11-12','2024-04-08');
INSERT INTO Licencas VALUES('24','78','férias','2023-07-18','2023-09-27');
INSERT INTO Licencas VALUES('25','116','férias','2023-06-29','2023-10-31');
INSERT INTO Licencas VALUES('26','20','licença médica','2023-12-01','2024-07-17');
INSERT INTO Licencas VALUES('27','11','licença médica','2023-05-28','2023-08-12');
INSERT INTO Licencas VALUES('28','85','licença médica','2022-03-23','2022-05-24');
INSERT INTO Licencas VALUES('29','27','férias','2022-12-31','2023-04-08');
INSERT INTO Licencas VALUES('30','84','licença médica','2022-09-17','2023-04-26');
INSERT INTO Licencas VALUES('31','123','licença médica','2023-02-25','2023-06-22');
INSERT INTO Licencas VALUES('32','30','licença médica','2023-02-21','2024-02-10');
INSERT INTO Licencas VALUES('33','118','férias','2023-03-12','2023-07-30');
INSERT INTO Licencas VALUES('34','114','férias','2022-11-22','2023-05-12');
INSERT INTO Licencas VALUES('35','95','licença médica','2023-03-10','2023-07-11');
INSERT INTO Licencas VALUES('36','28','férias','2023-10-24','2024-06-13');
INSERT INTO Licencas VALUES('37','100','férias','2023-11-15','2024-06-26');
INSERT INTO Licencas VALUES('38','130','licença médica','2023-11-23','2024-05-28');
INSERT INTO Licencas VALUES('39','40','férias','2023-10-25','2024-06-06');
INSERT INTO Licencas VALUES('40','27','férias','2022-07-24','2023-06-14');
INSERT INTO Licencas VALUES('41','124','férias','2023-10-25','2024-04-20');
INSERT INTO Licencas VALUES('42','130','licença médica','2022-11-05','2023-05-16');
INSERT INTO Licencas VALUES('43','139','licença médica','2022-03-18','2022-05-06');
INSERT INTO Licencas VALUES('44','42','licença médica','2022-07-27','2023-03-25');
INSERT INTO Licencas VALUES('45','28','férias','2023-12-05','2024-02-05');
INSERT INTO Licencas VALUES('46','23','licença médica','2023-11-08','2024-07-22');
INSERT INTO Licencas VALUES('47','107','férias','2021-12-13','2022-08-05');
INSERT INTO Licencas VALUES('48','76','férias','2023-10-30','2024-04-22');
INSERT INTO Licencas VALUES('49','143','licença médica','2023-03-05','2023-03-23');
INSERT INTO Licencas VALUES('50','108','férias','2023-05-24','2024-02-28');
INSERT INTO Licencas VALUES('51','104','férias','2023-07-10','2023-10-13');
INSERT INTO Licencas VALUES('52','57','férias','2023-03-25','2024-02-19');
INSERT INTO Licencas VALUES('53','65','férias','2023-01-03','2023-09-18');
INSERT INTO Licencas VALUES('54','14','férias','2022-07-23','2023-06-27');
INSERT INTO Licencas VALUES('55','141','licença médica','2021-12-11','2022-10-01');
INSERT INTO Licencas VALUES('56','88','licença médica','2023-07-15','2024-02-29');
INSERT INTO Licencas VALUES('57','121','licença médica','2023-11-29','2024-10-20');
INSERT INTO Licencas VALUES('58','117','férias','2023-11-28','2024-09-09');
INSERT INTO Licencas VALUES('59','119','férias','2023-01-01','2023-04-07');
INSERT INTO Licencas VALUES('60','47','licença médica','2023-06-10','2023-10-09');
INSERT INTO Licencas VALUES('61','137','férias','2023-02-14','2023-04-21');
INSERT INTO Licencas VALUES('62','49','férias','2023-04-16','2024-03-29');
INSERT INTO Licencas VALUES('63','97','férias','2022-03-20','2022-12-07');
INSERT INTO Licencas VALUES('64','132','licença médica','2023-12-05','2024-08-26');
INSERT INTO Licencas VALUES('65','78','férias','2022-09-20','2022-12-06');
INSERT INTO Licencas VALUES('66','66','licença médica','2023-11-14','2024-06-15');
INSERT INTO Licencas VALUES('67','134','férias','2023-07-02','2024-01-12');
INSERT INTO Licencas VALUES('68','52','férias','2023-05-20','2024-01-08');
INSERT INTO Licencas VALUES('69','150','licença médica','2023-10-04','2023-11-12');
INSERT INTO Licencas VALUES('70','3','férias','2022-10-13','2022-12-16');
INSERT INTO Licencas VALUES('71','62','licença médica','2021-12-31','2022-03-19');
INSERT INTO Licencas VALUES('72','120','licença médica','2022-12-03','2023-01-22');
INSERT INTO Licencas VALUES('73','67','licença médica','2022-01-23','2022-12-12');
INSERT INTO Licencas VALUES('74','111','férias','2022-02-01','2022-02-19');
INSERT INTO Licencas VALUES('75','43','licença médica','2023-01-07','2023-03-01');
INSERT INTO Licencas VALUES('76','47','licença médica','2023-08-30','2024-01-02');
INSERT INTO Licencas VALUES('77','149','férias','2022-03-10','2022-08-22');
INSERT INTO Licencas VALUES('78','1','férias','2023-02-17','2023-08-28');
INSERT INTO Licencas VALUES('79','147','licença médica','2023-05-18','2024-04-17');
INSERT INTO Licencas VALUES('80','51','férias','2023-08-01','2023-12-24');
INSERT INTO Licencas VALUES('81','92','licença médica','2022-12-03','2023-02-03');
INSERT INTO Licencas VALUES('82','129','licença médica','2021-12-21','2022-04-25');
INSERT INTO Licencas VALUES('83','150','licença médica','2021-12-22','2022-02-15');
INSERT INTO Licencas VALUES('84','56','férias','2023-12-07','2024-08-10');
INSERT INTO Licencas VALUES('85','19','férias','2023-05-10','2023-12-03');
INSERT INTO Licencas VALUES('86','123','licença médica','2023-05-11','2024-01-11');
INSERT INTO Licencas VALUES('87','131','férias','2023-06-29','2024-01-26');
INSERT INTO Licencas VALUES('88','16','férias','2022-03-27','2022-12-25');
INSERT INTO Licencas VALUES('89','144','licença médica','2023-04-17','2024-02-11');
INSERT INTO Licencas VALUES('90','1','férias','2023-01-06','2023-08-25');
INSERT INTO Licencas VALUES('91','18','férias','2022-06-05','2022-09-09');
INSERT INTO Licencas VALUES('92','142','licença médica','2022-06-10','2022-10-13');
INSERT INTO Licencas VALUES('93','84','férias','2022-07-16','2022-11-10');
INSERT INTO Licencas VALUES('94','131','férias','2023-08-15','2024-02-04');
INSERT INTO Licencas VALUES('95','61','férias','2021-12-19','2022-08-24');
INSERT INTO Licencas VALUES('96','56','licença médica','2023-07-08','2024-02-27');
INSERT INTO Licencas VALUES('97','55','licença médica','2022-03-28','2023-02-01');
INSERT INTO Licencas VALUES('98','126','licença médica','2023-06-25','2024-04-28');
INSERT INTO Licencas VALUES('99','50','licença médica','2022-11-28','2023-06-21');
INSERT INTO Licencas VALUES('100','148','férias','2023-05-22','2023-06-26');
INSERT INTO Licencas VALUES('101','115','licença médica','2022-12-19','2023-03-20');
INSERT INTO Licencas VALUES('102','26','férias','2023-03-12','2024-02-19');
INSERT INTO Licencas VALUES('103','72','férias','2023-05-01','2023-11-27');
INSERT INTO Licencas VALUES('104','1','férias','2022-07-19','2023-04-21');
INSERT INTO Licencas VALUES('105','116','férias','2022-05-29','2022-11-21');
INSERT INTO Licencas VALUES('106','22','férias','2023-05-05','2023-07-13');
INSERT INTO Licencas VALUES('107','150','férias','2022-10-05','2023-05-16');
INSERT INTO Licencas VALUES('108','146','licença médica','2022-03-09','2022-03-25');
INSERT INTO Licencas VALUES('109','146','licença médica','2022-05-30','2022-06-28');
INSERT INTO Licencas VALUES('110','117','licença médica','2022-01-16','2022-06-11');
INSERT INTO Licencas VALUES('111','125','férias','2023-10-07','2024-01-17');
INSERT INTO Licencas VALUES('112','64','licença médica','2022-11-26','2023-03-21');
INSERT INTO Licencas VALUES('113','120','licença médica','2023-09-23','2023-11-16');
INSERT INTO Licencas VALUES('114','118','licença médica','2022-06-02','2022-06-05');
INSERT INTO Licencas VALUES('115','92','licença médica','2023-10-14','2024-03-18');
INSERT INTO Licencas VALUES('116','107','férias','2022-08-04','2023-03-16');
INSERT INTO Licencas VALUES('117','19','licença médica','2023-05-30','2023-12-09');
INSERT INTO Licencas VALUES('118','107','licença médica','2023-11-04','2024-05-07');
INSERT INTO Licencas VALUES('119','117','férias','2023-06-06','2023-10-18');
INSERT INTO Licencas VALUES('120','6','licença médica','2022-11-14','2023-09-21');
INSERT INTO Licencas VALUES('121','113','férias','2023-03-21','2023-10-24');
INSERT INTO Licencas VALUES('122','83','licença médica','2022-06-26','2022-11-03');
INSERT INTO Licencas VALUES('123','63','licença médica','2022-07-20','2023-05-18');
INSERT INTO Licencas VALUES('124','5','férias','2022-12-29','2023-02-22');
INSERT INTO Licencas VALUES('125','46','licença médica','2022-05-03','2022-08-28');
INSERT INTO Licencas VALUES('126','11','férias','2022-11-29','2023-01-31');
INSERT INTO Licencas VALUES('127','137','licença médica','2022-04-29','2022-07-27');
INSERT INTO Licencas VALUES('128','147','licença médica','2022-01-01','2022-03-31');
INSERT INTO Licencas VALUES('129','67','licença médica','2022-09-19','2023-03-07');
INSERT INTO Licencas VALUES('130','4','licença médica','2023-07-23','2023-08-17');
INSERT INTO Licencas VALUES('131','100','licença médica','2022-08-21','2023-05-20');
INSERT INTO Licencas VALUES('132','110','férias','2022-04-05','2022-06-16');
INSERT INTO Licencas VALUES('133','92','licença médica','2022-12-03','2023-10-26');
INSERT INTO Licencas VALUES('134','29','férias','2023-07-16','2024-04-08');
INSERT INTO Licencas VALUES('135','92','licença médica','2022-10-15','2023-09-17');
INSERT INTO Licencas VALUES('136','9','férias','2022-05-15','2022-09-28');
INSERT INTO Licencas VALUES('137','145','licença médica','2022-12-16','2023-04-16');
INSERT INTO Licencas VALUES('138','110','licença médica','2022-05-24','2022-09-01');
INSERT INTO Licencas VALUES('139','48','férias','2022-01-16','2022-05-11');
INSERT INTO Licencas VALUES('140','27','licença médica','2022-10-18','2023-05-18');
INSERT INTO Licencas VALUES('141','96','férias','2022-07-23','2022-12-27');
INSERT INTO Licencas VALUES('142','39','licença médica','2022-08-17','2023-07-16');
INSERT INTO Licencas VALUES('143','130','licença médica','2022-04-06','2022-09-25');
INSERT INTO Licencas VALUES('144','9','licença médica','2023-03-30','2023-12-28');
INSERT INTO Licencas VALUES('145','103','férias','2022-09-02','2022-12-21');
INSERT INTO Licencas VALUES('146','126','licença médica','2021-12-25','2022-03-24');
INSERT INTO Licencas VALUES('147','30','licença médica','2023-07-30','2023-09-11');
INSERT INTO Licencas VALUES('148','54','férias','2023-05-30','2024-05-05');
INSERT INTO Licencas VALUES('149','12','licença médica','2023-11-11','2024-04-23');
INSERT INTO Licencas VALUES('150','52','férias','2021-12-14','2022-01-09');
INSERT INTO Licencas VALUES('151','137','licença médica','2023-08-14','2023-12-03');
INSERT INTO Licencas VALUES('152','47','licença médica','2022-02-25','2022-05-25');
INSERT INTO Licencas VALUES('153','103','férias','2022-01-06','2022-10-17');
INSERT INTO Licencas VALUES('154','49','licença médica','2023-03-24','2024-01-23');
INSERT INTO Licencas VALUES('155','86','férias','2023-06-15','2024-04-25');
INSERT INTO Licencas VALUES('156','3','licença médica','2023-10-24','2024-06-07');
INSERT INTO Licencas VALUES('157','20','férias','2022-11-22','2023-04-03');
INSERT INTO Licencas VALUES('158','116','férias','2022-07-22','2022-10-05');
INSERT INTO Licencas VALUES('159','31','licença médica','2023-10-22','2024-06-15');
INSERT INTO Licencas VALUES('160','142','licença médica','2022-02-12','2023-01-21');
INSERT INTO Licencas VALUES('161','65','férias','2023-07-19','2023-11-06');
INSERT INTO Licencas VALUES('162','131','licença médica','2023-03-16','2023-12-12');
INSERT INTO Licencas VALUES('163','40','licença médica','2023-01-11','2023-01-31');
INSERT INTO Licencas VALUES('164','117','licença médica','2022-09-06','2023-03-06');
INSERT INTO Licencas VALUES('165','107','férias','2022-09-14','2022-11-06');
INSERT INTO Licencas VALUES('166','73','licença médica','2022-11-04','2022-12-18');
INSERT INTO Licencas VALUES('167','94','férias','2022-09-04','2023-05-13');
INSERT INTO Licencas VALUES('168','77','férias','2023-01-19','2024-01-17');
INSERT INTO Licencas VALUES('169','53','licença médica','2022-01-29','2022-11-11');
INSERT INTO Licencas VALUES('170','145','licença médica','2023-05-30','2024-03-04');
INSERT INTO Licencas VALUES('171','11','férias','2022-03-08','2022-04-08');
INSERT INTO Licencas VALUES('172','135','férias','2023-09-12','2024-02-13');
INSERT INTO Licencas VALUES('173','9','férias','2022-09-11','2022-11-14');
INSERT INTO Licencas VALUES('174','96','férias','2022-04-28','2023-01-28');
INSERT INTO Licencas VALUES('175','90','férias','2022-09-05','2023-02-10');
INSERT INTO Licencas VALUES('176','48','férias','2022-12-28','2023-05-09');
INSERT INTO Licencas VALUES('177','57','licença médica','2022-09-02','2022-11-27');
INSERT INTO Licencas VALUES('178','109','licença médica','2023-01-24','2023-09-21');
INSERT INTO Licencas VALUES('179','121','férias','2023-01-06','2023-03-11');
INSERT INTO Licencas VALUES('180','32','licença médica','2023-08-05','2023-09-08');
INSERT INTO Licencas VALUES('181','139','licença médica','2023-02-12','2024-01-02');
INSERT INTO Licencas VALUES('182','107','férias','2023-01-11','2023-10-08');
INSERT INTO Licencas VALUES('183','78','licença médica','2023-12-02','2024-11-16');
INSERT INTO Licencas VALUES('184','21','licença médica','2022-06-25','2023-06-05');
INSERT INTO Licencas VALUES('185','22','férias','2023-05-02','2023-08-09');
INSERT INTO Licencas VALUES('186','2','férias','2023-11-03','2024-09-06');
INSERT INTO Licencas VALUES('187','99','férias','2022-09-10','2023-02-28');
INSERT INTO Licencas VALUES('188','147','férias','2022-03-27','2023-02-05');
INSERT INTO Licencas VALUES('189','68','férias','2022-11-10','2023-08-15');
INSERT INTO Licencas VALUES('190','122','férias','2022-11-09','2023-06-03');
INSERT INTO Licencas VALUES('191','148','licença médica','2022-07-06','2022-12-03');
INSERT INTO Licencas VALUES('192','24','férias','2022-01-14','2022-12-29');
INSERT INTO Licencas VALUES('193','45','licença médica','2022-09-13','2022-11-20');
INSERT INTO Licencas VALUES('194','15','férias','2023-08-05','2023-11-27');
INSERT INTO Licencas VALUES('195','54','licença médica','2023-05-23','2024-04-25');
INSERT INTO Licencas VALUES('196','126','férias','2023-05-16','2023-11-07');
INSERT INTO Licencas VALUES('197','122','licença médica','2022-05-12','2023-04-21');
INSERT INTO Licencas VALUES('198','62','férias','2023-01-02','2023-06-08');
INSERT INTO Licencas VALUES('199','114','férias','2022-12-13','2023-08-15');
INSERT INTO Licencas VALUES('200','134','férias','2022-03-06','2023-01-07');
INSERT INTO Licencas VALUES('201','141','férias','2023-10-18','2024-07-21');
INSERT INTO Licencas VALUES('202','98','licença médica','2023-10-23','2024-10-03');
INSERT INTO Licencas VALUES('203','61','férias','2022-12-15','2023-07-28');
INSERT INTO Licencas VALUES('204','92','licença médica','2023-01-11','2023-11-13');
INSERT INTO Licencas VALUES('205','45','férias','2023-02-28','2023-08-25');
INSERT INTO Licencas VALUES('206','63','licença médica','2023-07-25','2024-01-25');
INSERT INTO Licencas VALUES('207','38','licença médica','2022-08-12','2023-06-01');
INSERT INTO Licencas VALUES('208','13','licença médica','2023-09-30','2024-04-07');
INSERT INTO Licencas VALUES('209','70','licença médica','2023-03-30','2023-12-22');
INSERT INTO Licencas VALUES('210','33','férias','2022-10-17','2023-03-11');
INSERT INTO Licencas VALUES('211','91','licença médica','2022-12-04','2023-02-19');
INSERT INTO Licencas VALUES('212','111','férias','2022-08-09','2022-11-05');
INSERT INTO Licencas VALUES('213','84','férias','2022-02-07','2022-09-30');
INSERT INTO Licencas VALUES('214','139','férias','2022-05-20','2022-06-07');
INSERT INTO Licencas VALUES('215','129','licença médica','2022-11-21','2023-07-15');
INSERT INTO Licencas VALUES('216','116','licença médica','2022-09-29','2023-09-07');
INSERT INTO Licencas VALUES('217','102','licença médica','2023-03-03','2023-09-09');
INSERT INTO Licencas VALUES('218','95','férias','2023-12-04','2024-01-10');
INSERT INTO Licencas VALUES('219','67','férias','2023-04-29','2024-02-15');
INSERT INTO Licencas VALUES('220','140','licença médica','2023-03-12','2023-05-18');
INSERT INTO Licencas VALUES('221','94','licença médica','2023-03-17','2023-06-21');
INSERT INTO Licencas VALUES('222','73','licença médica','2023-11-19','2024-05-12');
INSERT INTO Licencas VALUES('223','82','licença médica','2023-07-02','2024-02-10');
INSERT INTO Licencas VALUES('224','97','férias','2022-10-22','2023-09-02');
INSERT INTO Licencas VALUES('225','83','férias','2023-05-13','2023-12-08');
INSERT INTO Licencas VALUES('226','66','férias','2023-03-03','2023-04-13');
INSERT INTO Licencas VALUES('227','130','férias','2023-03-04','2024-01-13');
INSERT INTO Licencas VALUES('228','68','férias','2023-10-25','2024-01-02');
INSERT INTO Licencas VALUES('229','126','licença médica','2022-04-05','2022-04-19');
INSERT INTO Licencas VALUES('230','13','férias','2023-08-06','2023-09-12');
INSERT INTO Licencas VALUES('231','15','férias','2022-09-16','2023-06-06');
INSERT INTO Licencas VALUES('232','17','licença médica','2022-03-14','2023-01-04');
INSERT INTO Licencas VALUES('233','116','férias','2022-11-22','2023-11-12');
INSERT INTO Licencas VALUES('234','128','férias','2023-01-29','2023-05-17');
INSERT INTO Licencas VALUES('235','149','licença médica','2023-08-10','2023-10-29');
INSERT INTO Licencas VALUES('236','6','férias','2022-04-12','2022-05-21');
INSERT INTO Licencas VALUES('237','136','licença médica','2022-09-29','2023-08-10');
INSERT INTO Licencas VALUES('238','83','licença médica','2022-11-05','2023-04-27');
INSERT INTO Licencas VALUES('239','35','licença médica','2022-04-17','2022-08-01');
INSERT INTO Licencas VALUES('240','49','férias','2022-01-02','2022-10-22');
INSERT INTO Licencas VALUES('241','82','licença médica','2022-12-19','2023-08-03');
INSERT INTO Licencas VALUES('242','3','licença médica','2023-10-25','2024-01-09');
INSERT INTO Licencas VALUES('243','84','licença médica','2021-12-26','2022-03-13');
INSERT INTO Licencas VALUES('244','1','licença médica','2022-12-26','2023-08-29');
INSERT INTO Licencas VALUES('245','99','licença médica','2023-07-28','2023-10-04');
INSERT INTO Licencas VALUES('246','12','licença médica','2023-07-06','2024-03-07');
INSERT INTO Licencas VALUES('247','31','férias','2023-01-12','2023-10-01');
INSERT INTO Licencas VALUES('248','80','licença médica','2023-07-05','2023-09-11');
INSERT INTO Licencas VALUES('249','71','licença médica','2023-02-23','2023-12-22');
INSERT INTO Licencas VALUES('250','138','licença médica','2023-07-31','2023-11-11');
INSERT INTO Licencas VALUES('251','120','férias','2022-01-13','2022-02-08');
INSERT INTO Licencas VALUES('252','93','férias','2023-01-16','2023-10-24');
INSERT INTO Licencas VALUES('253','17','licença médica','2023-02-09','2023-11-18');
INSERT INTO Licencas VALUES('254','105','férias','2022-02-20','2022-04-12');
INSERT INTO Licencas VALUES('255','81','licença médica','2023-04-28','2024-04-24');
INSERT INTO Licencas VALUES('256','83','férias','2022-10-05','2023-04-28');
INSERT INTO Licencas VALUES('257','123','férias','2022-06-20','2023-01-24');
INSERT INTO Licencas VALUES('258','108','férias','2023-02-07','2023-08-18');
INSERT INTO Licencas VALUES('259','9','férias','2023-03-02','2023-11-16');
INSERT INTO Licencas VALUES('260','4','licença médica','2022-07-15','2023-03-30');
INSERT INTO Licencas VALUES('261','74','licença médica','2023-09-11','2023-12-18');
INSERT INTO Licencas VALUES('262','137','licença médica','2021-12-25','2022-05-16');
INSERT INTO Licencas VALUES('263','100','férias','2022-10-05','2023-08-01');
INSERT INTO Licencas VALUES('264','64','licença médica','2023-07-15','2024-04-13');
INSERT INTO Licencas VALUES('265','38','férias','2023-07-30','2023-08-06');
INSERT INTO Licencas VALUES('266','94','férias','2022-04-02','2022-08-24');
INSERT INTO Licencas VALUES('267','37','licença médica','2022-02-12','2022-06-16');
INSERT INTO Licencas VALUES('268','32','licença médica','2022-04-09','2022-05-13');
INSERT INTO Licencas VALUES('269','49','licença médica','2022-10-30','2023-01-11');
INSERT INTO Licencas VALUES('270','144','férias','2023-11-11','2024-02-01');
INSERT INTO Licencas VALUES('271','124','licença médica','2023-07-02','2023-08-18');
INSERT INTO Licencas VALUES('272','78','licença médica','2023-09-27','2023-10-31');
INSERT INTO Licencas VALUES('273','27','férias','2022-02-04','2022-04-16');
INSERT INTO Licencas VALUES('274','26','férias','2023-03-31','2024-03-12');
INSERT INTO Licencas VALUES('275','88','licença médica','2022-05-21','2022-06-14');
INSERT INTO Licencas VALUES('276','121','licença médica','2022-12-27','2023-02-03');
INSERT INTO Licencas VALUES('277','72','férias','2023-05-31','2024-01-09');
INSERT INTO Licencas VALUES('278','113','licença médica','2022-12-12','2023-06-10');
INSERT INTO Licencas VALUES('279','65','férias','2023-07-27','2024-04-09');
INSERT INTO Licencas VALUES('280','128','férias','2023-11-16','2024-02-18');
INSERT INTO Licencas VALUES('281','53','licença médica','2023-02-16','2023-12-14');
INSERT INTO Licencas VALUES('282','74','licença médica','2023-08-14','2023-11-29');
INSERT INTO Licencas VALUES('283','140','licença médica','2022-10-30','2023-08-09');
INSERT INTO Licencas VALUES('284','20','férias','2022-02-25','2022-07-20');
INSERT INTO Licencas VALUES('285','20','licença médica','2023-07-12','2024-07-07');
INSERT INTO Licencas VALUES('286','11','férias','2022-04-04','2022-08-13');
INSERT INTO Licencas VALUES('287','69','licença médica','2022-12-19','2023-10-29');
INSERT INTO Licencas VALUES('288','8','licença médica','2023-01-21','2023-08-22');
INSERT INTO Licencas VALUES('289','39','férias','2023-02-12','2023-12-31');
INSERT INTO Licencas VALUES('290','56','férias','2023-11-12','2024-09-15');
INSERT INTO Licencas VALUES('291','72','licença médica','2023-04-08','2023-05-10');
INSERT INTO Licencas VALUES('292','119','férias','2023-07-23','2023-09-11');
INSERT INTO Licencas VALUES('293','68','licença médica','2023-06-01','2024-05-06');
INSERT INTO Licencas VALUES('294','96','férias','2022-12-21','2023-07-24');
INSERT INTO Licencas VALUES('295','53','férias','2023-07-06','2024-06-21');
INSERT INTO Licencas VALUES('296','145','férias','2022-12-07','2023-04-07');
INSERT INTO Licencas VALUES('297','49','férias','2022-04-29','2022-05-05');
INSERT INTO Licencas VALUES('298','58','licença médica','2022-11-29','2023-04-27');
INSERT INTO Licencas VALUES('299','100','férias','2021-12-25','2022-10-28');
INSERT INTO Licencas VALUES('300','16','férias','2022-04-08','2022-10-22');

INSERT INTO Dependentes VALUES('1','42','Murilo Silva','pai','1958-03-16','87390412631','Masculino');
INSERT INTO Dependentes VALUES('2','97','Milena Silveira','mãe','1968-07-28','82014397597','Feminino');
INSERT INTO Dependentes VALUES('3','67','Ana Clara Silveira','filha','2013-05-11','48196752067','Feminino');
INSERT INTO Dependentes VALUES('4','54','Maysa Ribeiro','cônjuge','1999-05-20','73165948291','Feminino');
INSERT INTO Dependentes VALUES('5','65','Luiz Felipe Porto','pai','1986-06-04','13805697457','Masculino');
INSERT INTO Dependentes VALUES('6','117','Stella Costa','cônjuge','1997-08-16','83746291500','Feminino');
INSERT INTO Dependentes VALUES('7','55','Ana Julia Barbosa','cônjuge','2005-01-05','15804963260','Feminino');
INSERT INTO Dependentes VALUES('8','90','Enzo Gabriel da Rocha','cônjuge','2019-06-18','91865720402','Masculino');
INSERT INTO Dependentes VALUES('9','63','Luiz Gustavo Viana','pai','1966-09-20','34785920114','Masculino');
INSERT INTO Dependentes VALUES('10','119','João Guilherme Silveira','pai','1969-09-07','61783950439','Masculino');
INSERT INTO Dependentes VALUES('11','83','Julia Rezende','cônjuge','2007-09-10','54692381051','Feminino');
INSERT INTO Dependentes VALUES('12','26','Raul Jesus','cônjuge','2004-03-05','79564803292','Masculino');
INSERT INTO Dependentes VALUES('13','124','Evelyn da Paz','cônjuge','2012-08-05','69372814555','Feminino');
INSERT INTO Dependentes VALUES('14','1','Gustavo Henrique da Luz','filho','2001-05-04','39724105652','Masculino');
INSERT INTO Dependentes VALUES('15','87','Maria Clara Teixeira','filha','2021-11-18','40893216704','Feminino');
INSERT INTO Dependentes VALUES('16','10','Milena Sales','mãe','1968-05-25','83410295704','Feminino');
INSERT INTO Dependentes VALUES('17','130','Alexia Silveira','filha','2022-08-09','49207861585','Feminino');
INSERT INTO Dependentes VALUES('18','117','Gustavo Barbosa','cônjuge','2001-04-10','78942301622','Masculino');
INSERT INTO Dependentes VALUES('19','123','Vitor Hugo Monteiro','pai','1933-10-27','14752908379','Masculino');
INSERT INTO Dependentes VALUES('20','150','Yuri Oliveira','cônjuge','2011-08-06','18390672413','Masculino');
INSERT INTO Dependentes VALUES('21','18','Fernando Ramos','cônjuge','2012-11-01','74210839523','Masculino');
INSERT INTO Dependentes VALUES('22','2','Giovanna das Neves','filha','2004-04-04','80364157984','Feminino');
INSERT INTO Dependentes VALUES('23','92','Ana Júlia Duarte','cônjuge','2004-09-19','93624187031','Feminino');
INSERT INTO Dependentes VALUES('24','31','Rafael Pires','filho','2003-03-18','97103625859','Masculino');
INSERT INTO Dependentes VALUES('25','49','Srta. Sophie Ribeiro','filha','2008-09-04','69827453173','Feminino');
INSERT INTO Dependentes VALUES('26','71','Julia Silveira','mãe','1936-01-19','94718260558','Feminino');
INSERT INTO Dependentes VALUES('27','5','Maria Luiza da Rocha','cônjuge','2013-06-03','52890364151','Feminino');
INSERT INTO Dependentes VALUES('28','62','Lucca Silva','cônjuge','1998-08-21','07213985450','Masculino');
INSERT INTO Dependentes VALUES('29','63','Sr. Calebe Moura','cônjuge','2019-07-11','48219560398','Masculino');
INSERT INTO Dependentes VALUES('30','43','Maria da Costa','cônjuge','2019-08-04','15207893432','Feminino');
INSERT INTO Dependentes VALUES('31','100','Diogo Peixoto','pai','1984-09-18','27468359164','Masculino');
INSERT INTO Dependentes VALUES('32','64','Dr. Benício Freitas','filho','2020-08-03','92057348610','Masculino');
INSERT INTO Dependentes VALUES('33','15','Esther Melo','cônjuge','2012-06-03','97328015659','Feminino');
INSERT INTO Dependentes VALUES('34','126','Larissa Martins','filha','2019-01-18','14328596098','Feminino');
INSERT INTO Dependentes VALUES('35','142','Mirella Cavalcanti','filha','2004-08-17','62980534170','Feminino');
INSERT INTO Dependentes VALUES('36','38','Rafaela Almeida','cônjuge','2014-09-06','07185426308','Feminino');
INSERT INTO Dependentes VALUES('37','139','Clara Caldeira','mãe','1957-06-30','78536102977','Feminino');
INSERT INTO Dependentes VALUES('38','13','Dr. Kaique Lopes','cônjuge','2019-07-29','85167342937','Masculino');
INSERT INTO Dependentes VALUES('39','97','Maria Fernanda Ramos','cônjuge','2009-01-11','18970435204','Feminino');
INSERT INTO Dependentes VALUES('40','52','Daniela Nascimento','mãe','1979-06-06','01394857675','Feminino');
INSERT INTO Dependentes VALUES('41','15','Luiz Gustavo Caldeira','filho','2008-12-25','18754260949','Masculino');
INSERT INTO Dependentes VALUES('42','10','Benício da Rosa','pai','1981-04-04','89637504184','Masculino');
INSERT INTO Dependentes VALUES('43','83','Sra. Mirella Oliveira','filha','1998-11-13','89106542794','Feminino');
INSERT INTO Dependentes VALUES('44','149','Levi da Paz','cônjuge','2001-09-03','97286534092','Masculino');
INSERT INTO Dependentes VALUES('45','106','Bernardo Ferreira','cônjuge','2003-02-08','35289017640','Masculino');
INSERT INTO Dependentes VALUES('46','12','Isabella Moraes','filha','2009-07-02','98764253074','Feminino');
INSERT INTO Dependentes VALUES('47','139','Carlos Eduardo Caldeira','pai','1971-11-15','61538407280','Masculino');
INSERT INTO Dependentes VALUES('48','129','Letícia da Rosa','filha','2013-03-10','21643850989','Feminino');
INSERT INTO Dependentes VALUES('49','135','Melissa Duarte','filha','2001-03-06','37196248031','Feminino');
INSERT INTO Dependentes VALUES('50','67','Lorena Correia','filha','2001-02-04','03248957123','Feminino');
INSERT INTO Dependentes VALUES('51','133','Sr. Enzo Azevedo','pai','1985-08-26','53917862077','Masculino');
INSERT INTO Dependentes VALUES('52','103','Joaquim Campos','cônjuge','2015-02-21','68235491060','Masculino');
INSERT INTO Dependentes VALUES('53','64','Dra. Maria Julia da Rocha','mãe','1933-09-05','30167452916','Feminino');
INSERT INTO Dependentes VALUES('54','129','Gustavo Henrique Moraes','filho','2001-07-13','43621750835','Masculino');
INSERT INTO Dependentes VALUES('55','51','João Miguel Castro','filho','2002-03-24','40367591839','Masculino');
INSERT INTO Dependentes VALUES('56','81','Bárbara Oliveira','mãe','1963-03-11','40398572160','Feminino');
INSERT INTO Dependentes VALUES('57','116','Sr. Leandro Gomes','filho','2004-06-20','17240863913','Masculino');
INSERT INTO Dependentes VALUES('58','110','Luiz Otávio Moura','pai','1967-03-09','27306145835','Masculino');
INSERT INTO Dependentes VALUES('59','1','Amanda Oliveira','mãe','1963-11-27','94708253141','Feminino');
INSERT INTO Dependentes VALUES('60','48','Lorena Castro','cônjuge','1998-10-01','49158273050','Feminino');
INSERT INTO Dependentes VALUES('61','48','Joaquim da Rosa','cônjuge','2005-12-07','04798125601','Masculino');
INSERT INTO Dependentes VALUES('62','12','Sra. Ana Carolina Farias','mãe','1968-06-04','96813472500','Feminino');
INSERT INTO Dependentes VALUES('63','138','Sr. Emanuel Santos','filho','2008-04-15','64857130262','Masculino');
INSERT INTO Dependentes VALUES('64','147','Bernardo Farias','filho','2002-11-06','72610394543','Masculino');
INSERT INTO Dependentes VALUES('65','110','Dr. Lorenzo Barros','filho','1995-04-17','30159746884','Masculino');
INSERT INTO Dependentes VALUES('66','92','Emanuel Fernandes','pai','1963-05-11','86315790259','Masculino');
INSERT INTO Dependentes VALUES('67','111','Gustavo Henrique da Cruz','cônjuge','2007-03-04','32761809521','Masculino');
INSERT INTO Dependentes VALUES('68','142','Isadora Fernandes','mãe','1969-02-16','27694085347','Feminino');
INSERT INTO Dependentes VALUES('69','133','Raquel Viana','cônjuge','2013-08-12','97238516446','Feminino');
INSERT INTO Dependentes VALUES('70','30','Eloah da Conceição','cônjuge','2020-02-02','39874162546','Feminino');
INSERT INTO Dependentes VALUES('71','50','Alícia Costela','filha','2012-02-12','64872510976','Feminino');
INSERT INTO Dependentes VALUES('72','41','Sra. Daniela da Rocha','cônjuge','2005-06-23','63981502795','Feminino');
INSERT INTO Dependentes VALUES('73','44','Manuela Gonçalves','mãe','1958-10-31','76391052425','Feminino');
INSERT INTO Dependentes VALUES('74','49','Sra. Emanuella Pinto','filha','2021-11-27','93781256030','Feminino');
INSERT INTO Dependentes VALUES('75','8','Laís Oliveira','mãe','1941-01-28','62819754309','Feminino');
INSERT INTO Dependentes VALUES('76','93','Gabriela Alves','filha','2015-02-21','13495670866','Feminino');
INSERT INTO Dependentes VALUES('77','123','Isabelly da Paz','cônjuge','2010-08-14','85149703648','Feminino');
INSERT INTO Dependentes VALUES('78','135','Catarina Peixoto','mãe','1971-07-17','47253860900','Feminino');
INSERT INTO Dependentes VALUES('79','78','Lorenzo da Costa','cônjuge','1994-12-06','61745089276','Masculino');
INSERT INTO Dependentes VALUES('80','138','Maria Julia Santos','cônjuge','2017-03-04','14832790579','Feminino');
INSERT INTO Dependentes VALUES('81','89','Dra. Eloah Dias','cônjuge','2019-10-08','71523689021','Feminino');
INSERT INTO Dependentes VALUES('82','93','Ana Beatriz Castro','cônjuge','1999-12-05','31278605959','Feminino');
INSERT INTO Dependentes VALUES('83','146','Sr. Marcos Vinicius Rocha','filho','1997-06-07','38269147087','Masculino');
INSERT INTO Dependentes VALUES('84','123','Dra. Maria Julia Mendes','cônjuge','2006-10-10','23958746047','Feminino');
INSERT INTO Dependentes VALUES('85','5','Anthony Cardoso','filho','2004-12-15','71254836900','Masculino');
INSERT INTO Dependentes VALUES('86','147','Gabrielly Moura','mãe','1977-05-25','71452809305','Feminino');
INSERT INTO Dependentes VALUES('87','42','Elisa da Costa','mãe','1967-02-25','18960524794','Feminino');
INSERT INTO Dependentes VALUES('88','141','Sra. Emanuelly Moreira','filha','2000-08-22','68217305986','Feminino');
INSERT INTO Dependentes VALUES('89','114','Davi Nunes','pai','1939-03-14','90384721613','Masculino');
INSERT INTO Dependentes VALUES('90','66','Rafaela Santos','mãe','1943-08-13','43612790552','Feminino');
INSERT INTO Dependentes VALUES('91','105','Carlos Eduardo da Mota','cônjuge','2021-06-01','60317954261','Masculino');
INSERT INTO Dependentes VALUES('92','58','Thiago Porto','pai','1978-05-29','51673920802','Masculino');
INSERT INTO Dependentes VALUES('93','73','Luiz Otávio Martins','filho','2020-02-27','20398764565','Masculino');
INSERT INTO Dependentes VALUES('94','3','Srta. Nina da Paz','filha','2005-12-22','94856107267','Feminino');
INSERT INTO Dependentes VALUES('95','54','João Vitor Porto','pai','1969-05-25','25690873195','Masculino');
INSERT INTO Dependentes VALUES('96','22','Dra. Ana Beatriz Caldeira','mãe','1936-12-30','64089521785','Feminino');
INSERT INTO Dependentes VALUES('97','146','Leandro Ferreira','pai','1945-09-10','03791426869','Masculino');
INSERT INTO Dependentes VALUES('98','66','Srta. Daniela Azevedo','mãe','1986-08-12','96340278140','Feminino');
INSERT INTO Dependentes VALUES('99','67','Isaac Nogueira','filho','2021-04-22','81902357450','Masculino');
INSERT INTO Dependentes VALUES('100','59','Julia Melo','cônjuge','2007-08-07','31624850960','Feminino');
INSERT INTO Dependentes VALUES('101','132','Fernando Nogueira','pai','1932-12-13','61304928551','Masculino');
INSERT INTO Dependentes VALUES('102','120','Pedro Vieira','cônjuge','2023-09-06','81049532732','Masculino');
INSERT INTO Dependentes VALUES('103','18','Dra. Eduarda Barros','mãe','1956-08-27','76429301869','Feminino');
INSERT INTO Dependentes VALUES('104','93','Calebe Oliveira','filho','2000-03-05','97328140631','Masculino');
INSERT INTO Dependentes VALUES('105','89','Amanda Mendes','cônjuge','2023-11-01','85912046389','Feminino');
INSERT INTO Dependentes VALUES('106','20','Sr. Yuri Jesus','pai','1987-02-28','81659340233','Masculino');
INSERT INTO Dependentes VALUES('107','29','Dr. Vicente Carvalho','pai','1969-09-17','24760135871','Masculino');
INSERT INTO Dependentes VALUES('108','2','Vinicius da Mota','filho','2016-10-04','68139502405','Masculino');
INSERT INTO Dependentes VALUES('109','41','Isadora Fernandes','cônjuge','2012-03-29','50849163757','Feminino');
INSERT INTO Dependentes VALUES('110','120','Gustavo da Cruz','cônjuge','2005-05-15','59632087429','Masculino');
INSERT INTO Dependentes VALUES('111','82','Dr. Pietro Moura','cônjuge','1996-04-04','96048527101','Masculino');
INSERT INTO Dependentes VALUES('112','54','Henrique Castro','pai','1988-07-03','68502473956','Masculino');
INSERT INTO Dependentes VALUES('113','67','Otávio da Mata','pai','1963-11-13','24857690365','Masculino');
INSERT INTO Dependentes VALUES('114','130','Srta. Sophie Ferreira','cônjuge','2011-05-07','53784120644','Feminino');
INSERT INTO Dependentes VALUES('115','135','Murilo Souza','cônjuge','2001-08-04','42857369000','Masculino');
INSERT INTO Dependentes VALUES('116','62','Augusto Moreira','cônjuge','1994-07-17','24610973804','Masculino');
INSERT INTO Dependentes VALUES('117','54','Dra. Ana Moraes','mãe','1958-05-21','97126503407','Feminino');
INSERT INTO Dependentes VALUES('118','74','Marcela Monteiro','cônjuge','2009-11-04','79632108540','Feminino');
INSERT INTO Dependentes VALUES('119','116','Maysa Gonçalves','mãe','1986-07-20','69520874356','Feminino');
INSERT INTO Dependentes VALUES('120','34','Valentina da Rosa','mãe','1971-02-03','20891354760','Feminino');
INSERT INTO Dependentes VALUES('121','8','Pietra Mendes','cônjuge','2009-01-13','23679854137','Feminino');
INSERT INTO Dependentes VALUES('122','69','Marcos Vinicius Duarte','cônjuge','1996-06-13','94023657107','Masculino');
INSERT INTO Dependentes VALUES('123','53','Rafael Rezende','filho','2021-05-06','95362047116','Masculino');
INSERT INTO Dependentes VALUES('124','12','Luiza Cardoso','filha','2015-03-07','40576298310','Feminino');
INSERT INTO Dependentes VALUES('125','80','Sra. Maria Eduarda Fogaça','mãe','1962-10-10','42918037532','Feminino');
INSERT INTO Dependentes VALUES('126','111','Elisa Mendes','filha','2015-06-25','03891576439','Feminino');
INSERT INTO Dependentes VALUES('127','150','Murilo Jesus','cônjuge','2018-09-16','25089467374','Masculino');
INSERT INTO Dependentes VALUES('128','57','Ian Lima','pai','1940-04-27','73296108521','Masculino');
INSERT INTO Dependentes VALUES('129','20','Brenda Almeida','mãe','1965-12-15','61894057201','Feminino');
INSERT INTO Dependentes VALUES('130','18','Carolina Barbosa','cônjuge','2020-12-04','96284150342','Feminino');
INSERT INTO Dependentes VALUES('131','23','Maria Alice Mendes','mãe','1993-04-26','27408156976','Feminino');
INSERT INTO Dependentes VALUES('132','36','Diego das Neves','pai','1951-12-26','02948617340','Masculino');
INSERT INTO Dependentes VALUES('133','80','Sra. Maria Eduarda Castro','filha','2021-10-06','70652834108','Feminino');
INSERT INTO Dependentes VALUES('134','32','Vitor Nunes','pai','1965-12-05','51047863901','Masculino');
INSERT INTO Dependentes VALUES('135','69','Dra. Emilly Fogaça','cônjuge','2006-04-08','07163259859','Feminino');
INSERT INTO Dependentes VALUES('136','54','Fernanda Jesus','cônjuge','2013-04-12','79124360813','Feminino');
INSERT INTO Dependentes VALUES('137','23','Beatriz Rocha','cônjuge','2009-05-10','31562970461','Feminino');
INSERT INTO Dependentes VALUES('138','38','Sr. Lucas da Cunha','pai','1990-08-05','63294051743','Masculino');
INSERT INTO Dependentes VALUES('139','96','Mariane da Luz','filha','1994-01-01','34098672103','Feminino');
INSERT INTO Dependentes VALUES('140','22','Sra. Ana Luiza Nascimento','filha','2018-01-25','78650319475','Feminino');
INSERT INTO Dependentes VALUES('141','121','Bruno Cunha','filho','2016-05-26','95610738466','Masculino');
INSERT INTO Dependentes VALUES('142','88','Lorena Moura','mãe','1979-10-29','05427316817','Feminino');
INSERT INTO Dependentes VALUES('143','86','Emanuelly Vieira','filha','1996-04-02','26954031780','Feminino');
INSERT INTO Dependentes VALUES('144','109','João Porto','cônjuge','2001-12-22','97054318684','Masculino');
INSERT INTO Dependentes VALUES('145','6','Gustavo Ramos','pai','1987-04-05','12675398446','Masculino');
INSERT INTO Dependentes VALUES('146','4','Benício Sales','cônjuge','1994-04-03','42703165943','Masculino');
INSERT INTO Dependentes VALUES('147','107','Erick Rodrigues','filho','2000-05-21','17086594393','Masculino');
INSERT INTO Dependentes VALUES('148','148','Bruna Fernandes','filha','2015-12-02','69578201494','Feminino');
INSERT INTO Dependentes VALUES('149','100','Maria Eduarda Monteiro','cônjuge','2007-05-21','74591038297','Feminino');
INSERT INTO Dependentes VALUES('150','33','Isadora Nascimento','filha','2000-03-21','56019372499','Feminino');
INSERT INTO Dependentes VALUES('151','16','Vitor Ribeiro','pai','1969-08-04','53172498050','Masculino');
INSERT INTO Dependentes VALUES('152','34','Gabrielly Porto','filha','2001-12-16','72964583137','Feminino');
INSERT INTO Dependentes VALUES('153','86','Daniel Moura','filho','2001-07-04','72056913895','Masculino');
INSERT INTO Dependentes VALUES('154','126','Nicole Farias','filha','2010-06-16','05192478332','Feminino');
INSERT INTO Dependentes VALUES('155','38','Yago Martins','pai','1979-04-08','31768425035','Masculino');
INSERT INTO Dependentes VALUES('156','150','Otávio Peixoto','pai','1959-11-15','85460739292','Masculino');
INSERT INTO Dependentes VALUES('157','72','Ana Lívia Fernandes','mãe','1990-04-27','62049851324','Feminino');
INSERT INTO Dependentes VALUES('158','14','Eduardo Lopes','pai','1973-01-25','23641850924','Masculino');
INSERT INTO Dependentes VALUES('159','103','Davi Lucca Peixoto','cônjuge','2005-06-16','04956873247','Masculino');
INSERT INTO Dependentes VALUES('160','89','Gabriel Farias','pai','1992-06-21','31425679099','Masculino');
INSERT INTO Dependentes VALUES('161','133','Theo Peixoto','filho','2003-08-31','95672438083','Masculino');
INSERT INTO Dependentes VALUES('162','75','Benício Almeida','filho','2013-06-11','32598706102','Masculino');
INSERT INTO Dependentes VALUES('163','94','Dra. Catarina Carvalho','filha','2016-08-24','45760123807','Feminino');
INSERT INTO Dependentes VALUES('164','143','Marcela da Rosa','mãe','1991-11-27','39607581202','Feminino');
INSERT INTO Dependentes VALUES('165','106','Joaquim Castro','filho','2013-04-09','62819307469','Masculino');
INSERT INTO Dependentes VALUES('166','75','Stephany Nunes','filha','2006-10-19','65230894792','Feminino');
INSERT INTO Dependentes VALUES('167','98','Ana Sophia Dias','filha','2011-01-22','85732904638','Feminino');
INSERT INTO Dependentes VALUES('168','75','Sr. Otávio Ramos','cônjuge','2007-12-11','58279341005','Masculino');
INSERT INTO Dependentes VALUES('169','4','Alice da Costa','filha','2008-03-04','67958013493','Feminino');
INSERT INTO Dependentes VALUES('170','82','Bárbara Aragão','filha','2021-03-11','56703812977','Feminino');
INSERT INTO Dependentes VALUES('171','39','Sr. Kaique Aragão','filho','2021-04-26','74310652808','Masculino');
INSERT INTO Dependentes VALUES('172','140','Juliana Monteiro','filha','2003-10-29','68507312462','Feminino');
INSERT INTO Dependentes VALUES('173','13','Mariana Cavalcanti','cônjuge','2004-03-02','31807465993','Feminino');
INSERT INTO Dependentes VALUES('174','20','Thomas Monteiro','filho','2008-08-19','47326085153','Masculino');
INSERT INTO Dependentes VALUES('175','16','Gustavo Carvalho','pai','1984-10-13','18237056930','Masculino');
INSERT INTO Dependentes VALUES('176','8','Gabrielly Pires','filha','2001-09-21','38941507693','Feminino');
INSERT INTO Dependentes VALUES('177','32','Marcos Vinicius Barros','cônjuge','2019-08-16','46975321809','Masculino');
INSERT INTO Dependentes VALUES('178','9','Pietro Costela','cônjuge','1995-09-23','30689574274','Masculino');
INSERT INTO Dependentes VALUES('179','136','Dr. Davi Lucca Souza','pai','1966-09-02','80951347241','Masculino');
INSERT INTO Dependentes VALUES('180','132','Isabelly Farias','cônjuge','2008-02-24','49037851657','Feminino');
INSERT INTO Dependentes VALUES('181','123','Maitê Sales','cônjuge','2007-04-26','36429157873','Feminino');
INSERT INTO Dependentes VALUES('182','136','Thales da Mota','cônjuge','2014-10-08','94708516258','Masculino');
INSERT INTO Dependentes VALUES('183','77','Kamilly Duarte','mãe','1939-06-15','24571398050','Feminino');
INSERT INTO Dependentes VALUES('184','141','Sra. Helena Teixeira','cônjuge','2002-11-11','58430917241','Feminino');
INSERT INTO Dependentes VALUES('185','132','Clara Moura','cônjuge','1994-01-24','32685714090','Feminino');
INSERT INTO Dependentes VALUES('186','26','Enzo Gabriel Silveira','filho','2019-03-15','54061389793','Masculino');
INSERT INTO Dependentes VALUES('187','87','Joana Cunha','mãe','1979-10-26','12547693828','Feminino');
INSERT INTO Dependentes VALUES('188','26','Alexandre da Conceição','pai','1988-10-15','35864179000','Masculino');
INSERT INTO Dependentes VALUES('189','31','João Pedro Castro','pai','1936-06-09','03146952815','Masculino');
INSERT INTO Dependentes VALUES('190','139','Dr. Luiz Henrique Costela','cônjuge','1999-07-02','84173526008','Masculino');
INSERT INTO Dependentes VALUES('191','57','Rafaela da Rosa','mãe','1940-07-16','56702918402','Feminino');
INSERT INTO Dependentes VALUES('192','32','Amanda Barros','mãe','1936-04-15','30921586795','Feminino');
INSERT INTO Dependentes VALUES('193','60','Letícia Pires','mãe','1951-09-17','10493257616','Feminino');
INSERT INTO Dependentes VALUES('194','18','Sofia Ribeiro','cônjuge','2000-11-21','02145367853','Feminino');
INSERT INTO Dependentes VALUES('195','29','Vitor Gabriel Santos','filho','2015-03-09','39176502406','Masculino');
INSERT INTO Dependentes VALUES('196','110','Lucca Moura','filho','1994-11-24','61053748957','Masculino');
INSERT INTO Dependentes VALUES('197','6','Alexandre Santos','cônjuge','2004-11-12','04238975600','Masculino');
INSERT INTO Dependentes VALUES('198','139','Pietro Nascimento','filho','1997-02-22','73295186464','Masculino');
INSERT INTO Dependentes VALUES('199','6','Davi Lucca da Rocha','cônjuge','2011-07-28','86039547120','Masculino');
INSERT INTO Dependentes VALUES('200','139','Alexia da Mota','filha','2011-10-03','60938274538','Feminino');
INSERT INTO Dependentes VALUES('201','98','Vitória Cunha','cônjuge','2023-04-26','46028975176','Feminino');
INSERT INTO Dependentes VALUES('202','73','Pedro Miguel Teixeira','pai','1975-11-18','96324718069','Masculino');
INSERT INTO Dependentes VALUES('203','111','Dr. Bruno Farias','pai','1948-01-15','31628479078','Masculino');
INSERT INTO Dependentes VALUES('204','145','Sophia Farias','filha','2005-04-21','25804763938','Feminino');
INSERT INTO Dependentes VALUES('205','3','Pedro da Rosa','filho','2008-09-02','30248976150','Masculino');
INSERT INTO Dependentes VALUES('206','113','Marina Cavalcanti','mãe','1964-01-30','36084971296','Feminino');
INSERT INTO Dependentes VALUES('207','39','Amanda Almeida','filha','2013-01-15','37256190859','Feminino');
INSERT INTO Dependentes VALUES('208','35','Ana Moraes','cônjuge','2014-12-06','67901285494','Feminino');
INSERT INTO Dependentes VALUES('209','147','Rebeca Barbosa','cônjuge','2019-03-15','35041869251','Feminino');
INSERT INTO Dependentes VALUES('210','35','Brenda Duarte','cônjuge','2013-06-02','76053124826','Feminino');
INSERT INTO Dependentes VALUES('211','52','Francisco Gomes','cônjuge','1996-11-26','62408531780','Masculino');
INSERT INTO Dependentes VALUES('212','148','Leandro Pinto','filho','1999-05-30','89514237609','Masculino');
INSERT INTO Dependentes VALUES('213','93','Vitor Cardoso','pai','1964-05-17','52870946120','Masculino');
INSERT INTO Dependentes VALUES('214','128','Sr. Luiz Gustavo Martins','filho','1996-01-09','80314592741','Masculino');
INSERT INTO Dependentes VALUES('215','75','Bianca Martins','filha','2009-06-30','36254970180','Feminino');
INSERT INTO Dependentes VALUES('216','72','Emanuella Campos','filha','2006-08-02','24051367835','Feminino');
INSERT INTO Dependentes VALUES('217','128','Clarice Monteiro','mãe','1952-05-24','63091785475','Feminino');
INSERT INTO Dependentes VALUES('218','44','Diego Melo','filho','1994-02-28','37091245652','Masculino');
INSERT INTO Dependentes VALUES('219','86','Ana Júlia Dias','mãe','1984-04-29','46278593092','Feminino');
INSERT INTO Dependentes VALUES('220','10','Srta. Fernanda Mendes','mãe','1948-05-14','09831527488','Feminino');
INSERT INTO Dependentes VALUES('221','14','Luigi Silveira','filho','1994-04-16','36148072904','Masculino');
INSERT INTO Dependentes VALUES('222','4','Isadora Almeida','filha','2013-06-30','81260379540','Feminino');
INSERT INTO Dependentes VALUES('223','24','Pedro Miguel Alves','filho','2016-10-20','14582379664','Masculino');
INSERT INTO Dependentes VALUES('224','6','Maria Cecília Azevedo','filha','2006-01-22','97540613270','Feminino');
INSERT INTO Dependentes VALUES('225','145','Luiza da Mata','filha','2007-03-17','90581267494','Feminino');
INSERT INTO Dependentes VALUES('226','87','Isabelly Gomes','cônjuge','2023-06-02','25681307921','Feminino');
INSERT INTO Dependentes VALUES('227','48','Maria Fernanda Rocha','cônjuge','2021-04-16','75210639452','Feminino');
INSERT INTO Dependentes VALUES('228','18','Valentina Cardoso','mãe','1985-12-26','02968537121','Feminino');
INSERT INTO Dependentes VALUES('229','5','Marcos Vinicius Moraes','filho','2001-01-24','59204317841','Masculino');
INSERT INTO Dependentes VALUES('230','39','Luana Souza','cônjuge','2008-10-11','65798324010','Feminino');
INSERT INTO Dependentes VALUES('231','126','Sr. Levi Souza','filho','2005-04-28','10274953625','Masculino');
INSERT INTO Dependentes VALUES('232','85','Stephany Correia','filha','2009-08-01','59817046249','Feminino');
INSERT INTO Dependentes VALUES('233','55','João Lucas Viana','pai','1993-01-30','31859642098','Masculino');
INSERT INTO Dependentes VALUES('234','68','Raul da Conceição','filho','2012-10-04','43960172869','Masculino');
INSERT INTO Dependentes VALUES('235','35','Isabella Barros','filha','2018-03-27','65891427001','Feminino');
INSERT INTO Dependentes VALUES('236','11','Bruna Souza','cônjuge','2015-05-06','71435286928','Feminino');
INSERT INTO Dependentes VALUES('237','75','Noah Sales','cônjuge','1995-01-14','82543690115','Masculino');
INSERT INTO Dependentes VALUES('238','16','João Lucas Costela','filho','2005-04-27','65032897159','Masculino');
INSERT INTO Dependentes VALUES('239','62','Natália Alves','cônjuge','1995-03-01','17805432635','Feminino');
INSERT INTO Dependentes VALUES('240','76','Amanda da Mota','filha','1997-08-09','60879251476','Feminino');
INSERT INTO Dependentes VALUES('241','82','Renan Moura','filho','1997-04-03','91326705830','Masculino');
INSERT INTO Dependentes VALUES('242','107','Alexandre Silva','pai','1991-04-21','12639580442','Masculino');
INSERT INTO Dependentes VALUES('243','124','Evelyn Barbosa','mãe','1945-02-01','15430782904','Feminino');
INSERT INTO Dependentes VALUES('244','100','Laura Freitas','filha','2005-07-28','34970861269','Feminino');
INSERT INTO Dependentes VALUES('245','47','Isadora Correia','filha','2016-11-25','09612574316','Feminino');
INSERT INTO Dependentes VALUES('246','59','Vitor Hugo Pires','pai','1942-10-02','97213846582','Masculino');
INSERT INTO Dependentes VALUES('247','139','Luna Costa','mãe','1959-08-04','57093268447','Feminino');
INSERT INTO Dependentes VALUES('248','135','Cauã Pereira','pai','1972-04-24','31672409543','Masculino');
INSERT INTO Dependentes VALUES('249','86','Emilly Dias','mãe','1960-02-05','41762039869','Feminino');
INSERT INTO Dependentes VALUES('250','124','Isabelly das Neves','cônjuge','2000-03-08','82634079150','Feminino');

INSERT INTO faturamento VALUES('1','01/2018',81775.13000000000465,44871.87999999999738,36903.25,849,48);
INSERT INTO faturamento VALUES('2','02/2018',119357.3699999999954,58563.33999999999651,60794.02999999999884,105,66);
INSERT INTO faturamento VALUES('3','03/2018',83497.82000000000699,26523.61000000000058,56974.20999999999913,476,13);
INSERT INTO faturamento VALUES('4','04/2018',171985.4700000000011,33474.12999999999738,138511.3399999999966,265,46);
INSERT INTO faturamento VALUES('5','05/2018',82873.35000000000583,46636.01000000000203,36237.3399999999965,969,97);
INSERT INTO faturamento VALUES('6','06/2018',157043.859999999986,78648.28999999999359,78395.57000000000699,829,20);
INSERT INTO faturamento VALUES('7','07/2018',71030.03999999999359,35246.01999999999679,35784.01999999999679,370,86);
INSERT INTO faturamento VALUES('8','08/2018',167094.2300000000104,108541.5500000000029,58552.68000000000029,439,88);
INSERT INTO faturamento VALUES('9','09/2018',185288.6199999999954,96951.6100000000005,88337.00999999999476,263,43);
INSERT INTO faturamento VALUES('10','10/2018',119866.0700000000069,24107.54000000000087,95758.5299999999989,522,10);
INSERT INTO faturamento VALUES('11','11/2018',65558.32000000000699,22849.02000000000043,42709.30000000000292,318,75);
INSERT INTO faturamento VALUES('12','12/2018',125679.4400000000023,26806.95000000000072,98872.4900000000052,998,43);
INSERT INTO faturamento VALUES('13','01/2019',120678.3800000000046,85221.16000000000349,35457.22000000000116,213,62);
INSERT INTO faturamento VALUES('14','02/2019',104361.3500000000058,28324.47000000000116,76036.88000000000465,811,39);
INSERT INTO faturamento VALUES('15','03/2019',199159.7399999999907,93869.5099999999948,105290.229999999996,615,69);
INSERT INTO faturamento VALUES('16','04/2019',61053.30999999999768,39913.15000000000145,21140.15999999999986,742,60);
INSERT INTO faturamento VALUES('17','05/2019',198848.2999999999884,91704.69000000000232,107143.6100000000005,241,36);
INSERT INTO faturamento VALUES('18','06/2019',131026.2200000000011,100366.5500000000029,30659.66999999999826,419,69);
INSERT INTO faturamento VALUES('19','07/2019',173127.1499999999942,78106.28999999999359,95020.8600000000005,116,60);
INSERT INTO faturamento VALUES('20','08/2019',169533.2600000000093,88752.5,80780.75999999999476,278,78);
INSERT INTO faturamento VALUES('21','09/2019',73350.11000000000058,37656.02999999999884,35694.08000000000174,828,83);
INSERT INTO faturamento VALUES('22','10/2019',137394.3800000000046,85184.16000000000349,52210.22000000000116,273,15);
INSERT INTO faturamento VALUES('23','11/2019',144492.2699999999896,28673.72999999999957,115818.5399999999936,556,23);
INSERT INTO faturamento VALUES('24','12/2019',58967.84999999999855,29370.63000000000101,29597.22000000000116,638,29);
INSERT INTO faturamento VALUES('25','01/2020',61349.9800000000032,38456.80999999999768,22893.16999999999825,297,76);
INSERT INTO faturamento VALUES('26','02/2020',193629.109999999986,50431.86000000000058,143197.25,639,57);
INSERT INTO faturamento VALUES('27','03/2020',197323.6700000000129,68225.21000000000641,129098.4600000000064,396,52);
INSERT INTO faturamento VALUES('28','04/2020',86420.58999999999651,34698.80999999999768,51721.77999999999884,188,26);
INSERT INTO faturamento VALUES('29','05/2020',177079.0199999999896,64904.62000000000261,112174.3999999999942,699,96);
INSERT INTO faturamento VALUES('30','06/2020',73727.47999999999593,24379.34000000000014,49348.13999999999942,872,22);
INSERT INTO faturamento VALUES('31','07/2020',84360.80000000000291,31287.45000000000072,53073.34999999999855,118,11);
INSERT INTO faturamento VALUES('32','08/2020',146521.2200000000011,57601.31999999999971,88919.89999999999417,292,98);
INSERT INTO faturamento VALUES('33','09/2020',120750.8800000000046,53811.94999999999709,66938.92999999999301,456,35);
INSERT INTO faturamento VALUES('34','10/2020',181321.2900000000081,134555.3099999999977,46765.9800000000032,267,24);
INSERT INTO faturamento VALUES('35','11/2020',188358.9899999999907,84615.13999999999942,103743.8500000000058,733,79);
INSERT INTO faturamento VALUES('36','12/2020',168313.1799999999931,64693.9800000000032,103619.1999999999971,847,34);
INSERT INTO faturamento VALUES('37','01/2021',158850.4899999999907,83439.66999999999826,75410.82000000000699,859,99);
INSERT INTO faturamento VALUES('38','02/2021',98840.8600000000005,64611.52999999999884,34229.33000000000174,200,99);
INSERT INTO faturamento VALUES('39','03/2021',56541.88999999999942,40470.75,16071.13999999999942,799,68);
INSERT INTO faturamento VALUES('40','04/2021',192115.5199999999896,118890.8300000000017,73224.69000000000232,923,86);
INSERT INTO faturamento VALUES('41','05/2021',109286.4499999999971,67421.58999999999651,41864.86000000000058,893,99);
INSERT INTO faturamento VALUES('42','06/2021',182479.9800000000104,139591.1000000000058,42888.87999999999738,392,49);
INSERT INTO faturamento VALUES('43','07/2021',139253.8500000000058,66407.47000000000116,72846.38000000000465,980,62);
INSERT INTO faturamento VALUES('44','08/2021',149285.9200000000129,88624.03999999999359,60661.87999999999739,850,78);
INSERT INTO faturamento VALUES('45','09/2021',100279.1999999999971,42643.70999999999913,57635.48999999999797,671,25);
INSERT INTO faturamento VALUES('46','10/2021',176635.4100000000034,36393.66999999999826,140241.7399999999907,634,33);
INSERT INTO faturamento VALUES('47','11/2021',167977.859999999986,42175.69000000000232,125802.1699999999983,841,84);
INSERT INTO faturamento VALUES('48','12/2021',124572.6399999999995,56364.5,68208.13999999999942,968,59);
INSERT INTO faturamento VALUES('49','01/2022',168951.109999999986,102453.3899999999995,66497.72000000000116,390,72);
INSERT INTO faturamento VALUES('50','02/2022',95421.3000000000029,69424.13000000000465,25997.16999999999826,884,74);
INSERT INTO faturamento VALUES('51','03/2022',82803.22000000000116,66080.96000000000641,16722.25999999999839,743,64);
INSERT INTO faturamento VALUES('52','04/2022',143795.7900000000081,75683.44999999999709,68112.33999999999651,556,83);
INSERT INTO faturamento VALUES('53','05/2022',139635,32325.63000000000101,107309.3699999999954,772,94);
INSERT INTO faturamento VALUES('54','06/2022',173814.7399999999907,99523.070000000007,74291.66999999999826,244,91);
INSERT INTO faturamento VALUES('55','07/2022',185595.5299999999989,32528.2400000000016,153067.2900000000081,286,100);
INSERT INTO faturamento VALUES('56','08/2022',128942.520000000004,99110.3600000000005,29832.15999999999986,258,58);
INSERT INTO faturamento VALUES('57','09/2022',164502.0299999999989,56494.86000000000058,108007.1699999999983,102,94);
INSERT INTO faturamento VALUES('58','10/2022',60294.30000000000291,38953.97000000000116,21340.33000000000175,261,76);
INSERT INTO faturamento VALUES('59','11/2022',153946.9800000000104,105232.3800000000046,48714.59999999999855,458,90);
INSERT INTO faturamento VALUES('60','12/2022',161130.0799999999871,77043.80000000000291,84086.27999999999884,882,69);
INSERT INTO faturamento VALUES('61','01/2023',92073.78999999999359,56237.79000000000087,35836,420,21);
INSERT INTO faturamento VALUES('62','02/2023',97841.1900000000023,51063.30999999999768,46777.87999999999739,833,67);
INSERT INTO faturamento VALUES('63','03/2023',154889.4599999999919,93866.6000000000058,61022.86000000000058,894,49);
INSERT INTO faturamento VALUES('64','04/2023',75079.47000000000116,57796.48999999999797,17282.97999999999957,456,28);
INSERT INTO faturamento VALUES('65','05/2023',83333.22000000000116,46212.29000000000087,37120.93000000000029,193,41);
INSERT INTO faturamento VALUES('66','06/2023',196222.0700000000069,61663.20999999999913,134558.859999999986,208,14);
INSERT INTO faturamento VALUES('67','07/2023',120737.9400000000023,36181.37000000000262,84556.57000000000699,687,94);
INSERT INTO faturamento VALUES('68','08/2023',122749.9700000000011,33221.91999999999826,89528.05000000000291,896,45);
INSERT INTO faturamento VALUES('69','09/2023',50997.86000000000058,35817.37000000000262,15180.48999999999979,927,42);
INSERT INTO faturamento VALUES('70','10/2023',99433.1199999999954,72289.5,27143.61999999999899,541,62);
INSERT INTO faturamento VALUES('71','11/2023',125215.2100000000064,84303.71000000000641,40911.5,727,83);
INSERT INTO faturamento VALUES('72','12/2023',132398.7399999999907,62640.05999999999768,69758.67999999999301,236,55);
